접수일,품번,현장,유형,완료여부,완료일,정체일수,대응유형
2026-01-01,WC2148,현장_044,소음,완료,2026-01-03,2,유상
2026-01-01,CW1505,현장_040,설치,완료,2026-01-01,0,유상
2026-01-01,WC2113,현장_024,외관파손,진행중,,5,유상
2026-01-01,RB1531,현장_042,설치,완료,2026-01-02,1,유상
2026-01-01,BF3115,현장_011,외관파손,완료,2026-01-05,4,무상
2026-01-01,RB1523,현장_028,소음,완료,2026-01-03,2,유상
2026-01-01,CW1524,현장_025,누수,완료,2026-01-01,0,유상
2026-01-01,CW1509,현장_025,소음,완료,2026-01-02,1,유상
2026-01-01,WC2112,현장_009,외관파손,진행중,,5,유상
2026-01-01,RB1502,◇◇하우징,소음,완료,2026-01-04,3,유상
2026-01-01,BF3104,현장_042,소음,완료,2026-01-04,3,유상
2026-01-01,WC2150,현장_022,설치,완료,2026-01-04,3,유상
2026-01-01,WC2103,현장_029,외관파손,진행중,,5,무상
2026-01-01,WC2150,현장_038,누수,완료,2026-01-04,3,유상
2026-01-01,BF3127,현장_024,소음,완료,2026-01-02,1,무상
2026-01-01,BF3108,☆☆파트너스(주),소음,완료,2026-01-05,4,유상
2026-01-01,CW1507,현장_016,누수,완료,2026-01-01,0,유상
2026-01-01,WC2142-N,현장_027,외관파손,완료,2026-01-03,2,유상
2026-01-02,WC2129,현장_017,소음,완료,2026-01-06,4,무상
2026-01-02,WC2107-N,현장_024,외관파손,완료,2026-01-06,4,유상
2026-01-02,RB1524,현장_009,누수,완료,2026-01-04,2,무상
2026-01-02,WC2107-N,현장_024,설치,완료,2026-01-05,3,유상
2026-01-02,RB1536,☆☆파트너스,소음,완료,2026-01-05,3,무상
2026-01-02,WC2119,현장_037,작동불량,완료,2026-01-03,1,유상
2026-01-02,BF3129,현장_030,소음,완료,2026-01-03,1,유상
2026-01-02,WC2141,현장_015,누수,진행중,,5,유상
2026-01-02,CW1512,현장_033,누수,완료,2026-01-05,3,유상
2026-01-02,RB1527,현장_033,외관파손,완료,2026-01-05,3,유상
2026-01-02,WC2148,현장_048,외관파손,진행중,,5,유상
2026-01-02,CW1523,△△개발 주식회사,설치,완료,2026-01-05,3,유상
2026-01-02,WC2105,현장_019,작동불량,진행중,,9,유상
2026-01-02,RB1530,현장_016,누수,완료,2026-01-04,2,유상
2026-01-02,WC2145,현장_031,외관파손,완료,2026-01-03,1,무상
2026-01-02,WC2117,현장_017,작동불량,완료,2026-01-02,0,유상
2026-01-02,WC2114-N,현장_040,작동불량,완료,2026-01-05,3,무상
2026-01-02,WC2109,현장_012,누수,완료,2026-01-05,3,무상
2026-01-02,WC2119,현장_046,작동불량,진행중,,5,유상
2026-01-02,CW1502,현장_008,소음,완료,2026-01-06,4,유상
2026-01-02,CW1504,현장_021,소음,완료,2026-01-06,4,유상
2026-01-02,RB1539,현장_012,외관파손,완료,2026-01-06,4,유상
2026-01-02,WC2141,현장_040,외관파손,완료,2026-01-02,0,유상
2026-01-02,WC2113,현장_046,작동불량,완료,2026-01-06,4,유상
2026-01-02,RB1529,현장_017,외관파손,완료,2026-01-04,2,유상
2026-01-02,WC2144,현장_045,외관파손,완료,2026-01-02,0,무상
2026-01-02,RB1516,○○건설(주),외관파손,완료,2026-01-04,2,유상
2026-01-02,CW1506,현장_038,작동불량,완료,2026-01-06,4,유상
2026-01-02,BF3106,현장_018,누수,완료,2026-01-03,1,유상
2026-01-02,BF3116,현장_046,작동불량,진행중,,5,유상
2026-01-03,RB1501,현장_048,설치,완료,2026-01-05,2,유상
2026-01-03,BF3112,현장_010,설치,진행중,,5,유상
2026-01-03,CW1514,현장_006,누수,완료,2026-01-06,3,유상
2026-01-03,WC2105,현장_020,작동불량,완료,2026-01-04,1,유상
2026-01-03,WC2120,현장_029,소음,완료,2026-01-06,3,무상
2026-01-03,RB1512,현장_030,외관파손,완료,2026-01-07,4,유상
2026-01-03,BF3128,현장_043,작동불량,진행중,,5,유상
2026-01-03,BF3128,○○建設,작동불량,진행중,,5,유상
2026-01-03,RB1515,현장_031,설치,완료,2026-01-07,4,무상
2026-01-03,BF3106,현장_007,작동불량,진행중,,7,유상
2026-01-03,RB1514,현장_037,설치,완료,2026-01-04,1,무상
2026-01-03,RB1535,현장_010,외관파손,완료,2026-01-05,2,무상
2026-01-03,RB1524,현장_041,설치,진행중,,5,무상
2026-01-03,CW1501,현장_036,소음,완료,2026-01-06,3,무상
2026-01-03,RB1522,◇◇하우징,소음,완료,2026-01-05,2,무상
2026-01-03,BF3126,현장_018,설치,완료,2026-01-07,4,무상
2026-01-03,RB1532,□□건축(주),외관파손,완료,2026-01-05,2,무상
2026-01-03,BF3127,현장_041,설치,완료,2026-01-06,3,유상
2026-01-03,BF3106,현장_050,누수,완료,2026-01-05,2,유상
2026-01-03,WC2116,현장_009,설치,완료,2026-01-03,0,무상
2026-01-03,WC2141,□□건축(주),작동불량,완료,2026-01-04,1,유상
2026-01-03,RB1511,현장_031,외관파손,진행중,,5,무상
2026-01-03,CW1516,현장_038,소음,완료,2026-01-04,1,유상
2026-01-03,WC2143,현장_040,작동불량,완료,2026-01-06,3,유상
2026-01-03,BF3130,현장_044,작동불량,완료,2026-01-04,1,유상
2026-01-04,CW1520,현장_045,작동불량,완료,2026-01-06,2,유상
2026-01-04,RB1507,현장_047,작동불량,완료,2026-01-08,4,무상
2026-01-04,WC2120,현장_021,소음,완료,2026-01-04,0,유상
2026-01-04,RB1533,현장_008,누수,완료,2026-01-07,3,유상
2026-01-04,WC2108,현장_045,소음,완료,2026-01-06,2,무상
2026-01-04,WC2130,현장_048,누수,완료,2026-01-07,3,무상
2026-01-04,WC2143,현장_035,외관파손,진행중,,5,무상
2026-01-04,RB1519,현장_018,작동불량,완료,2026-01-06,2,유상
2026-01-04,WC2115,현장_050,작동불량,완료,2026-01-05,1,유상
2026-01-04,WC2122,현장_020,작동불량,완료,2026-01-05,1,무상
2026-01-04,BF3121,현장_050,설치,완료,2026-01-05,1,유상
2026-01-04,CW1508,현장_030,외관파손,진행중,,5,무상
2026-01-04,RB1531,현장_043,누수,진행중,,5,유상
2026-01-04,WC2109,현장_038,설치,완료,2026-01-08,4,유상
2026-01-04,RB1527,현장_024,작동불량,완료,2026-01-04,0,유상
2026-01-04,CW1509,현장_032,작동불량,완료,2026-01-04,0,유상
2026-01-04,CW1516,현장_010,외관파손,완료,2026-01-08,4,무상
2026-01-04,CW1530,현장_037,외관파손,완료,2026-01-06,2,무상
2026-01-04,RB1503,현장_036,설치,완료,2026-01-05,1,유상
2026-01-04,RB1526,☆☆파트너스(주),설치,완료,2026-01-04,0,유상
2026-01-04,WC2104,현장_031,작동불량,완료,2026-01-06,2,유상
2026-01-04,WC2132,현장_015,설치,완료,2026-01-05,1,무상
2026-01-04,RB1515,◇◇하우징,외관파손,완료,2026-01-07,3,유상
2026-01-04,WC2135-N,현장_036,누수,완료,2026-01-04,0,무상
2026-01-05,WC2145,현장_024,누수,완료,2026-01-06,1,무상
2026-01-05,CW1525,현장_014,설치,진행중,,5,유상
2026-01-05,RB1515,△△개발(주),외관파손,완료,2026-01-05,0,무상
2026-01-05,RB1514,현장_043,설치,완료,2026-01-09,4,무상
2026-01-05,RB1506,현장_011,설치,완료,2026-01-06,1,무상
2026-01-05,WC2107-N,현장_018,설치,완료,2026-01-06,1,유상
2026-01-05,BF3121,현장_044,누수,진행중,,5,유상
2026-01-05,WC2112,현장_042,설치,완료,2026-01-09,4,무상
2026-01-05,WC2115,현장_010,소음,완료,2026-01-05,0,유상
2026-01-05,RB1502,현장_044,누수,완료,2026-01-06,1,유상
2026-01-05,BF3102,현장_022,외관파손,완료,2026-01-09,4,유상
2026-01-05,CW1513,현장_044,소음,완료,2026-01-06,1,유상
2026-01-05,CW1511,현장_023,외관파손,진행중,,5,유상
2026-01-05,RB1534,현장_028,설치,완료,2026-01-06,1,유상
2026-01-05,WC2126,현장_008,외관파손,완료,2026-01-07,2,유상
2026-01-05,WC2144,현장_024,소음,완료,2026-01-05,0,무상
2026-01-05,WC2105,현장_014,작동불량,완료,2026-01-07,2,유상
2026-01-05,RB1532,현장_013,설치,진행중,,5,무상
2026-01-05,CW1515,□□건축(주),누수,완료,2026-01-06,1,무상
2026-01-05,RB1532,현장_034,누수,완료,2026-01-07,2,유상
2026-01-05,WC2104,현장_015,누수,완료,2026-01-07,2,유상
2026-01-05,WC2149-N,현장_011,누수,진행중,,5,무상
2026-01-05,BF3127,◇◇하우징(주),외관파손,완료,2026-01-08,3,무상
2026-01-06,RB1501,현장_026,외관파손,완료,2026-01-08,2,무상
2026-01-06,WC2109,현장_036,설치,완료,2026-01-07,1,유상
2026-01-06,BF3121,현장_040,외관파손,완료,2026-01-06,0,무상
2026-01-06,CW1512,현장_024,설치,진행중,,5,유상
2026-01-06,WC2113,현장_032,외관파손,완료,2026-01-07,1,유상
2026-01-06,BF3102,현장_050,누수,완료,2026-01-10,4,무상
2026-01-06,BF3121,현장_032,설치,완료,2026-01-09,3,무상
2026-01-06,RB1523,현장_044,소음,진행중,,5,무상
2026-01-06,RB1535,현장_040,작동불량,완료,2026-01-08,2,무상
2026-01-06,BF3106,현장_033,설치,진행중,,5,유상
2026-01-06,CW1520,□□건축(주),설치,진행중,,5,유상
2026-01-06,WC2115,△△개발(주),작동불량,진행중,,5,유상
2026-01-06,BF3104,현장_026,소음,완료,2026-01-09,3,유상
2026-01-06,BF3130,현장_040,소음,진행중,,5,무상
2026-01-06,CW1507,현장_035,누수,진행중,,5,무상
2026-01-06,CW1516,현장_038,작동불량,완료,2026-01-06,0,무상
2026-01-06,CW1512,현장_038,누수,완료,2026-01-06,0,유상
2026-01-06,CW1530,현장_017,작동불량,진행중,,5,유상
2026-01-06,WC2105,○○建設,작동불량,진행중,,5,유상
2026-01-06,WC2128-N,현장_009,소음,진행중,,5,무상
2026-01-06,WC2108,현장_013,소음,완료,2026-01-07,1,유상
2026-01-06,RB1534,현장_039,소음,완료,2026-01-10,4,무상
2026-01-06,RB1528,△△개발 주식회사,누수,완료,2026-01-06,0,무상
2026-01-06,WC2138,현장_037,설치,완료,2026-01-06,0,무상
2026-01-07,RB1514,현장_021,외관파손,진행중,,5,유상
2026-01-07,BF3118,현장_045,외관파손,완료,2026-01-10,3,유상
2026-01-07,WC2113,현장_046,외관파손,완료,2026-01-09,2,무상
2026-01-07,RB1534,□□건축,작동불량,완료,2026-01-09,2,유상
2026-01-07,BF3114,현장_028,설치,진행중,,10,유상
2026-01-07,BF3123,현장_042,누수,완료,2026-01-07,0,유상
2026-01-07,WC2147,현장_050,소음,진행중,,5,유상
2026-01-07,RB1538,현장_027,작동불량,완료,2026-01-09,2,무상
2026-01-07,WC2115,현장_029,작동불량,완료,2026-01-08,1,무상
2026-01-07,RB1533,현장_009,소음,완료,2026-01-10,3,무상
2026-01-07,WC2119,현장_050,작동불량,완료,2026-01-10,3,무상
2026-01-07,BF3124,○○건설(주),외관파손,완료,2026-01-10,3,유상
2026-01-07,RB1523,현장_050,설치,진행중,,5,유상
2026-01-07,RB1539,현장_015,작동불량,완료,2026-01-09,2,무상
2026-01-07,CW1518,현장_007,누수,완료,2026-01-07,0,유상
2026-01-07,CW1512,현장_019,설치,완료,2026-01-07,0,무상
2026-01-07,WC2128-N,현장_012,누수,완료,2026-01-10,3,무상
2026-01-07,CW1525,현장_028,누수,완료,2026-01-07,0,무상
2026-01-07,RB1519,현장_019,설치,진행중,,5,유상
2026-01-07,WC2102,현장_034,소음,진행중,,5,무상
2026-01-07,BF3105,현장_040,작동불량,완료,2026-01-10,3,무상
2026-01-07,WC2148,현장_031,외관파손,완료,2026-01-07,0,유상
2026-01-07,RB1523,현장_020,작동불량,완료,2026-01-07,0,무상
2026-01-07,WC2113,현장_013,누수,진행중,,5,무상
2026-01-07,RB1533,현장_042,누수,진행중,,5,무상
2026-01-07,RB1510,현장_046,누수,진행중,,5,무상
2026-01-07,CW1518,현장_013,외관파손,완료,2026-01-07,0,유상
2026-01-07,WC2101,○○건설,누수,진행중,,5,유상
2026-01-08,WC2132,현장_035,설치,완료,2026-01-12,4,유상
2026-01-08,BF3115,현장_010,작동불량,완료,2026-01-10,2,유상
2026-01-08,BF3108,현장_025,누수,완료,2026-01-08,0,무상
2026-01-08,WC2103,현장_023,소음,완료,2026-01-08,0,유상
2026-01-08,BF3101,현장_038,설치,완료,2026-01-11,3,무상
2026-01-08,BF3127,현장_018,설치,완료,2026-01-10,2,유상
2026-01-08,CW1520,현장_021,외관파손,완료,2026-01-12,4,무상
2026-01-08,BF3112,현장_024,작동불량,완료,2026-01-11,3,유상
2026-01-08,WC2149-N,현장_050,누수,완료,2026-01-12,4,유상
2026-01-08,BF3125,현장_008,소음,완료,2026-01-10,2,유상
2026-01-08,WC2101,현장_022,외관파손,완료,2026-01-10,2,무상
2026-01-08,WC2123,현장_017,소음,완료,2026-01-09,1,무상
2026-01-08,CW1511,□□건축(주),누수,완료,2026-01-10,2,무상
2026-01-08,WC2107-N,◇◇하우징,소음,완료,2026-01-10,2,유상
2026-01-08,RB1511,현장_022,설치,완료,2026-01-11,3,유상
2026-01-08,RB1529,현장_035,작동불량,완료,2026-01-11,3,유상
2026-01-08,RB1537,현장_032,외관파손,완료,2026-01-10,2,무상
2026-01-08,RB1516,현장_026,외관파손,완료,2026-01-12,4,유상
2026-01-08,RB1512,현장_019,외관파손,진행중,,9,무상
2026-01-09,WC2128-N,현장_037,소음,완료,2026-01-10,1,무상
2026-01-09,BF3105,현장_016,외관파손,진행중,,5,유상
2026-01-09,BF3111,현장_036,소음,진행중,,5,무상
2026-01-09,CW1515,△△개발(주),설치,완료,2026-01-13,4,유상
2026-01-09,WC2136,현장_047,설치,진행중,,5,유상
2026-01-09,RB1503,현장_019,작동불량,완료,2026-01-10,1,무상
2026-01-09,RB1518,현장_027,외관파손,완료,2026-01-09,0,유상
2026-01-09,BF3127,현장_040,외관파손,완료,2026-01-09,0,무상
2026-01-09,CW1505,현장_022,외관파손,완료,2026-01-12,3,유상
2026-01-09,RB1532,현장_009,설치,완료,2026-01-09,0,유상
2026-01-09,WC2111,현장_020,작동불량,완료,2026-01-12,3,무상
2026-01-09,RB1508,현장_028,외관파손,진행중,,5,유상
2026-01-09,RB1527,◇◇하우징(주),설치,완료,2026-01-13,4,무상
2026-01-09,BF3108,현장_026,소음,완료,2026-01-12,3,유상
2026-01-09,WC2109,현장_037,작동불량,완료,2026-01-09,0,유상
2026-01-09,CW1515,현장_022,외관파손,완료,2026-01-12,3,무상
2026-01-09,WC2112,현장_031,누수,완료,2026-01-11,2,유상
2026-01-09,WC2131,현장_011,작동불량,완료,2026-01-10,1,유상
2026-01-10,WC2102,현장_026,외관파손,완료,2026-01-12,2,유상
2026-01-10,BF3122,현장_015,작동불량,진행중,,5,유상
2026-01-10,CW1510,현장_038,설치,완료,2026-01-12,2,유상
2026-01-10,WC2113,현장_007,누수,완료,2026-01-14,4,무상
2026-01-10,RB1505,현장_024,외관파손,진행중,,5,유상
2026-01-10,BF3122,현장_030,작동불량,진행중,,5,유상
2026-01-10,BF3128,현장_020,외관파손,완료,2026-01-13,3,유상
2026-01-10,WC2120,현장_034,누수,완료,2026-01-14,4,무상
2026-01-10,WC2138,현장_040,누수,완료,2026-01-14,4,무상
2026-01-10,WC2130,현장_049,작동불량,진행중,,5,무상
2026-01-10,RB1512,○○건설,작동불량,진행중,,5,무상
2026-01-10,CW1528,현장_033,누수,완료,2026-01-11,1,유상
2026-01-10,WC2121-N,현장_041,외관파손,완료,2026-01-11,1,무상
2026-01-10,CW1526,△△개발 주식회사,외관파손,완료,2026-01-12,2,유상
2026-01-10,RB1539,현장_008,설치,완료,2026-01-14,4,유상
2026-01-10,CW1516,현장_037,작동불량,완료,2026-01-11,1,무상
2026-01-10,RB1504,□□건축(주),소음,완료,2026-01-13,3,무상
2026-01-10,CW1501,현장_032,외관파손,진행중,,5,유상
2026-01-11,BF3112,현장_010,소음,완료,2026-01-13,2,유상
2026-01-11,RB1517,현장_049,작동불량,완료,2026-01-14,3,무상
2026-01-11,BF3106,현장_035,설치,진행중,,5,유상
2026-01-11,CW1514,현장_044,외관파손,완료,2026-01-11,0,유상
2026-01-11,RB1539,현장_046,작동불량,완료,2026-01-12,1,무상
2026-01-11,BF3121,현장_036,작동불량,완료,2026-01-12,1,무상
2026-01-11,CW1511,현장_011,누수,완료,2026-01-12,1,무상
2026-01-11,BF3121,현장_008,외관파손,완료,2026-01-15,4,무상
2026-01-11,RB1508,현장_018,외관파손,완료,2026-01-14,3,유상
2026-01-11,WC2115,현장_044,소음,진행중,,5,유상
2026-01-11,RB1514,현장_039,소음,완료,2026-01-15,4,무상
2026-01-11,CW1512,현장_009,작동불량,진행중,,5,무상
2026-01-11,WC2119,현장_022,누수,완료,2026-01-12,1,무상
2026-01-11,CW1505,현장_008,설치,진행중,,5,무상
2026-01-11,WC2121-N,현장_038,설치,완료,2026-01-13,2,무상
2026-01-11,BF3127,현장_014,설치,완료,2026-01-14,3,유상
2026-01-12,BF3112,현장_033,소음,완료,2026-01-14,2,유상
2026-01-12,RB1507,◇◇하우징(주),누수,완료,2026-01-15,3,무상
2026-01-12,WC2106,현장_017,작동불량,완료,2026-01-14,2,무상
2026-01-12,WC2108,현장_019,소음,완료,2026-01-15,3,유상
2026-01-12,WC2115,현장_027,누수,완료,2026-01-15,3,무상
2026-01-12,WC2108,현장_043,소음,완료,2026-01-12,0,유상
2026-01-12,BF3110,현장_040,작동불량,진행중,,5,무상
2026-01-12,CW1521,현장_011,작동불량,완료,2026-01-16,4,유상
2026-01-12,CW1508,현장_030,소음,진행중,,5,유상
2026-01-12,BF3109,현장_045,소음,완료,2026-01-16,4,유상
2026-01-12,WC2107-N,△△개발(주),소음,완료,2026-01-15,3,유상
2026-01-12,WC2145,현장_017,외관파손,완료,2026-01-15,3,유상
2026-01-12,RB1506,현장_037,설치,완료,2026-01-14,2,유상
2026-01-12,RB1538,☆☆파트너스,외관파손,완료,2026-01-15,3,유상
2026-01-12,BF3118,현장_016,소음,완료,2026-01-13,1,유상
2026-01-12,RB1525,현장_013,작동불량,진행중,,5,무상
2026-01-12,BF3128,현장_047,소음,완료,2026-01-15,3,유상
2026-01-12,RB1511,현장_028,작동불량,완료,2026-01-14,2,유상
2026-01-12,WC2138,현장_009,누수,완료,2026-01-13,1,유상
2026-01-12,RB1523,현장_008,누수,완료,2026-01-16,4,무상
2026-01-13,RB1516,현장_014,설치,완료,2026-01-16,3,무상
2026-01-13,RB1504,현장_015,누수,완료,2026-01-14,1,무상
2026-01-13,WC2133,현장_017,설치,완료,2026-01-16,3,무상
2026-01-13,BF3118,현장_024,작동불량,완료,2026-01-17,4,유상
2026-01-13,BF3105,현장_010,설치,진행중,,5,무상
2026-01-13,CW1528,현장_019,외관파손,완료,2026-01-13,0,무상
2026-01-13,WC2105,현장_041,작동불량,완료,2026-01-16,3,유상
2026-01-13,RB1520,현장_046,설치,완료,2026-01-13,0,무상
2026-01-13,WC2124,현장_014,외관파손,완료,2026-01-16,3,유상
2026-01-13,CW1506,현장_024,작동불량,완료,2026-01-15,2,무상
2026-01-13,WC2105,현장_018,누수,진행중,,5,유상
2026-01-13,BF3128,현장_013,외관파손,완료,2026-01-16,3,유상
2026-01-13,BF3111,현장_048,외관파손,완료,2026-01-14,1,무상
2026-01-13,RB1514,☆☆파트너스(주),외관파손,완료,2026-01-14,1,유상
2026-01-13,BF3123,현장_010,누수,완료,2026-01-15,2,무상
2026-01-13,BF3107,△△개발(주),소음,완료,2026-01-15,2,유상
2026-01-13,BF3126,현장_023,외관파손,진행중,,5,유상
2026-01-13,RB1522,현장_039,누수,완료,2026-01-17,4,유상
2026-01-13,BF3106,현장_036,설치,완료,2026-01-17,4,유상
2026-01-13,RB1502,현장_012,설치,완료,2026-01-14,1,유상
2026-01-13,CW1516,현장_015,소음,완료,2026-01-16,3,무상
2026-01-13,BF3114,현장_012,누수,완료,2026-01-16,3,무상
2026-01-13,RB1518,현장_016,설치,완료,2026-01-14,1,유상
2026-01-14,CW1506,현장_021,소음,완료,2026-01-15,1,유상
2026-01-14,BF3122,현장_040,작동불량,완료,2026-01-14,0,유상
2026-01-14,CW1513,○○건설,작동불량,진행중,,5,유상
2026-01-14,RB1511,현장_019,소음,완료,2026-01-18,4,유상
2026-01-14,RB1510,□□건축,외관파손,완료,2026-01-14,0,유상
2026-01-14,BF3129,현장_022,소음,완료,2026-01-14,0,무상
2026-01-14,CW1513,현장_042,작동불량,완료,2026-01-18,4,유상
2026-01-14,WC2143,☆☆파트너스,외관파손,완료,2026-01-16,2,유상
2026-01-14,RB1506,현장_025,설치,완료,2026-01-18,4,유상
2026-01-14,RB1515,현장_040,설치,완료,2026-01-18,4,무상
2026-01-14,WC2102,현장_028,소음,완료,2026-01-17,3,무상
2026-01-14,RB1540,현장_023,소음,완료,2026-01-15,1,유상
2026-01-14,BF3112,현장_019,설치,완료,2026-01-17,3,유상
2026-01-14,RB1535,□□건축,외관파손,완료,2026-01-16,2,유상
2026-01-14,BF3109,현장_046,외관파손,완료,2026-01-15,1,유상
2026-01-14,WC2137,현장_042,작동불량,진행중,,5,무상
2026-01-14,WC2122,현장_011,외관파손,완료,2026-01-15,1,유상
2026-01-14,BF3105,현장_030,작동불량,완료,2026-01-15,1,유상
2026-01-14,RB1528,현장_012,누수,완료,2026-01-15,1,유상
2026-01-14,BF3124,현장_045,작동불량,완료,2026-01-17,3,유상
2026-01-14,CW1511,현장_022,작동불량,완료,2026-01-18,4,유상
2026-01-14,CW1518,현장_017,작동불량,완료,2026-01-17,3,무상
2026-01-14,WC2132,현장_029,소음,완료,2026-01-18,4,무상
2026-01-14,WC2122,□□건축(주),작동불량,완료,2026-01-15,1,유상
2026-01-14,WC2110,△△개발 주식회사,누수,완료,2026-01-15,1,유상
2026-01-14,CW1504,현장_008,누수,완료,2026-01-14,0,유상
2026-01-14,CW1505,현장_035,외관파손,완료,2026-01-17,3,유상
2026-01-15,WC2105,현장_028,작동불량,완료,2026-01-18,3,유상
2026-01-15,CW1514,현장_007,작동불량,완료,2026-01-18,3,유상
2026-01-15,CW1514,현장_018,작동불량,완료,2026-01-16,1,무상
2026-01-15,WC2107-N,현장_009,설치,진행중,,5,유상
2026-01-15,WC2124,△△개발,설치,완료,2026-01-15,0,유상
2026-01-15,WC2103,☆☆파트너스,작동불량,완료,2026-01-18,3,무상
2026-01-15,CW1507,현장_012,설치,완료,2026-01-19,4,무상
2026-01-15,WC2111,현장_023,작동불량,완료,2026-01-17,2,무상
2026-01-15,RB1505,현장_014,설치,완료,2026-01-19,4,무상
2026-01-15,BF3112,□□건축,외관파손,진행중,,5,무상
2026-01-15,RB1504,현장_036,소음,완료,2026-01-18,3,무상
2026-01-15,CW1517,현장_022,외관파손,완료,2026-01-17,2,무상
2026-01-15,WC2136,현장_010,설치,완료,2026-01-16,1,유상
2026-01-15,WC2146,현장_022,소음,진행중,,5,유상
2026-01-15,BF3119,현장_016,소음,완료,2026-01-16,1,무상
2026-01-15,RB1539,현장_028,작동불량,완료,2026-01-15,0,유상
2026-01-15,BF3122,○○建設,누수,진행중,,5,무상
2026-01-15,BF3116,현장_015,작동불량,진행중,,7,유상
2026-01-15,BF3111,현장_019,누수,완료,2026-01-19,4,유상
2026-01-15,BF3120,현장_030,외관파손,완료,2026-01-18,3,유상
2026-01-15,WC2130,현장_024,소음,진행중,,5,무상
2026-01-15,WC2114-N,현장_020,작동불량,완료,2026-01-15,0,유상
2026-01-15,CW1525,현장_008,누수,완료,2026-01-16,1,유상
2026-01-15,BF3101,현장_049,설치,완료,2026-01-15,0,무상
2026-01-15,CW1521,현장_014,작동불량,완료,2026-01-17,2,유상
2026-01-15,BF3106,□□건축,누수,완료,2026-01-19,4,무상
2026-01-15,BF3105,현장_039,설치,진행중,,5,유상
2026-01-16,CW1530,현장_025,작동불량,완료,2026-01-17,1,무상
2026-01-16,WC2109,현장_023,설치,진행중,,10,무상
2026-01-16,WC2150,□□건축,외관파손,완료,2026-01-17,1,무상
2026-01-16,RB1538,현장_045,누수,완료,2026-01-20,4,유상
2026-01-16,CW1515,◇◇하우징(주),작동불량,완료,2026-01-18,2,유상
2026-01-16,BF3113,◇◇하우징(주),설치,완료,2026-01-17,1,유상
2026-01-16,CW1504,현장_049,외관파손,완료,2026-01-18,2,유상
2026-01-16,WC2115,현장_044,설치,완료,2026-01-20,4,무상
2026-01-16,BF3117,현장_049,설치,완료,2026-01-20,4,무상
2026-01-16,RB1501,현장_039,설치,완료,2026-01-20,4,유상
2026-01-16,WC2125,현장_047,누수,완료,2026-01-20,4,무상
2026-01-16,CW1504,현장_041,소음,완료,2026-01-20,4,유상
2026-01-16,WC2105,현장_039,작동불량,완료,2026-01-20,4,유상
2026-01-16,BF3101,현장_030,소음,완료,2026-01-19,3,유상
2026-01-16,RB1516,현장_013,누수,완료,2026-01-18,2,유상
2026-01-16,BF3123,현장_015,외관파손,완료,2026-01-19,3,유상
2026-01-16,WC2130,현장_024,소음,진행중,,5,유상
2026-01-16,RB1522,현장_027,설치,완료,2026-01-18,2,무상
2026-01-16,RB1536,현장_045,외관파손,완료,2026-01-16,0,유상
2026-01-16,WC2140,현장_027,누수,진행중,,5,무상
2026-01-16,BF3108,현장_036,소음,완료,2026-01-19,3,무상
2026-01-16,CW1513,현장_049,작동불량,진행중,,5,무상
2026-01-17,RB1539,현장_037,작동불량,진행중,,5,무상
2026-01-17,BF3123,현장_010,작동불량,완료,2026-01-18,1,무상
2026-01-17,RB1503,현장_006,작동불량,진행중,,5,유상
2026-01-17,BF3112,현장_032,소음,완료,2026-01-18,1,무상
2026-01-17,RB1507,현장_048,소음,진행중,,5,유상
2026-01-17,WC2106,현장_031,누수,진행중,,5,유상
2026-01-17,CW1530,○○建設,작동불량,완료,2026-01-19,2,무상
2026-01-17,CW1509,현장_042,설치,완료,2026-01-18,1,유상
2026-01-17,CW1507,현장_015,소음,완료,2026-01-19,2,무상
2026-01-17,RB1508,현장_007,작동불량,완료,2026-01-20,3,무상
2026-01-17,WC2115,현장_036,누수,완료,2026-01-21,4,유상
2026-01-17,WC2139,현장_021,외관파손,완료,2026-01-21,4,무상
2026-01-17,RB1540,현장_018,소음,완료,2026-01-21,4,유상
2026-01-17,WC2106,현장_011,누수,완료,2026-01-21,4,무상
2026-01-17,RB1509,현장_006,누수,완료,2026-01-19,2,무상
2026-01-17,WC2107-N,현장_050,작동불량,완료,2026-01-18,1,유상
2026-01-17,RB1533,현장_038,외관파손,완료,2026-01-20,3,무상
2026-01-17,WC2146,현장_043,작동불량,완료,2026-01-21,4,유상
2026-01-17,WC2149-N,현장_017,외관파손,완료,2026-01-20,3,유상
2026-01-17,RB1506,현장_024,누수,진행중,,5,유상
2026-01-18,WC2141,현장_025,설치,완료,2026-01-20,2,유상
2026-01-18,WC2148,◇◇하우징,외관파손,완료,2026-01-21,3,유상
2026-01-18,RB1528,◇◇하우징,소음,완료,2026-01-20,2,유상
2026-01-18,WC2149-N,현장_041,누수,완료,2026-01-22,4,유상
2026-01-18,RB1531,현장_034,작동불량,완료,2026-01-22,4,무상
2026-01-18,WC2102,현장_023,설치,완료,2026-01-21,3,유상
2026-01-18,RB1515,현장_036,설치,완료,2026-01-20,2,유상
2026-01-18,WC2136,현장_033,누수,완료,2026-01-21,3,무상
2026-01-18,CW1525,현장_029,외관파손,완료,2026-01-18,0,유상
2026-01-18,CW1514,현장_036,소음,진행중,,5,유상
2026-01-18,RB1505,현장_025,설치,완료,2026-01-21,3,유상
2026-01-18,WC2102,현장_038,누수,완료,2026-01-18,0,무상
2026-01-18,WC2122,현장_026,설치,완료,2026-01-18,0,유상
2026-01-18,WC2131,현장_040,외관파손,완료,2026-01-22,4,유상
2026-01-18,RB1527,현장_021,누수,완료,2026-01-19,1,무상
2026-01-18,RB1522,△△개발 주식회사,설치,완료,2026-01-18,0,무상
2026-01-18,BF3109,현장_045,외관파손,완료,2026-01-19,1,유상
2026-01-18,WC2134,현장_031,누수,완료,2026-01-19,1,유상
2026-01-18,CW1501,현장_030,설치,완료,2026-01-20,2,유상
2026-01-18,CW1515,현장_014,외관파손,진행중,,5,유상
2026-01-18,WC2115,현장_045,작동불량,완료,2026-01-22,4,무상
2026-01-18,RB1504,현장_030,설치,진행중,,5,유상
2026-01-18,WC2141,현장_044,외관파손,진행중,,9,유상
2026-01-18,RB1520,○○建設,설치,완료,2026-01-22,4,유상
2026-01-18,WC2140,현장_050,누수,완료,2026-01-21,3,유상
2026-01-18,CW1502,☆☆파트너스(주),누수,완료,2026-01-21,3,유상
2026-01-18,RB1504,현장_017,작동불량,완료,2026-01-22,4,무상
2026-01-18,WC2139,현장_041,소음,완료,2026-01-22,4,무상
2026-01-19,CW1521,현장_033,작동불량,완료,2026-01-19,0,유상
2026-01-19,WC2146,현장_024,누수,완료,2026-01-21,2,유상
2026-01-19,RB1511,현장_034,설치,진행중,,5,유상
2026-01-19,WC2135-N,현장_026,소음,완료,2026-01-19,0,유상
2026-01-19,BF3109,현장_020,소음,진행중,,5,무상
2026-01-19,WC2136,현장_050,작동불량,진행중,,5,유상
2026-01-19,BF3101,현장_013,누수,완료,2026-01-19,0,유상
2026-01-19,RB1510,현장_012,소음,완료,2026-01-22,3,무상
2026-01-19,RB1523,현장_035,작동불량,완료,2026-01-20,1,무상
2026-01-19,RB1531,현장_024,소음,진행중,,5,유상
2026-01-19,RB1529,현장_044,작동불량,완료,2026-01-19,0,유상
2026-01-19,CW1519,현장_032,외관파손,완료,2026-01-23,4,유상
2026-01-19,RB1537,현장_042,누수,완료,2026-01-20,1,유상
2026-01-19,RB1540,△△개발 주식회사,작동불량,완료,2026-01-22,3,무상
2026-01-19,RB1517,현장_028,설치,진행중,,5,유상
2026-01-19,RB1501,현장_008,소음,완료,2026-01-23,4,유상
2026-01-19,CW1513,현장_029,작동불량,완료,2026-01-23,4,무상
2026-01-19,CW1504,현장_012,외관파손,완료,2026-01-21,2,무상
2026-01-19,RB1514,현장_006,작동불량,완료,2026-01-22,3,유상
2026-01-19,RB1538,현장_006,설치,완료,2026-01-21,2,유상
2026-01-19,BF3128,현장_006,외관파손,완료,2026-01-21,2,무상
2026-01-19,WC2108,현장_045,작동불량,진행중,,5,유상
2026-01-20,WC2150,◇◇하우징(주),누수,완료,2026-01-24,4,유상
2026-01-20,RB1537,현장_021,외관파손,완료,2026-01-22,2,무상
2026-01-20,WC2117,현장_012,외관파손,완료,2026-01-20,0,무상
2026-01-20,WC2122,현장_013,누수,완료,2026-01-20,0,무상
2026-01-20,WC2123,현장_023,작동불량,완료,2026-01-23,3,무상
2026-01-20,RB1522,현장_046,외관파손,완료,2026-01-21,1,유상
2026-01-20,CW1515,현장_012,외관파손,완료,2026-01-22,2,무상
2026-01-20,CW1511,현장_039,작동불량,완료,2026-01-22,2,무상
2026-01-20,WC2130,현장_010,소음,완료,2026-01-20,0,무상
2026-01-20,WC2117,현장_008,외관파손,완료,2026-01-21,1,무상
2026-01-20,CW1517,현장_011,외관파손,완료,2026-01-20,0,무상
2026-01-20,CW1520,현장_022,소음,완료,2026-01-20,0,유상
2026-01-20,WC2149-N,현장_042,설치,완료,2026-01-20,0,유상
2026-01-20,WC2102,현장_008,작동불량,진행중,,5,유상
2026-01-20,WC2102,현장_040,설치,완료,2026-01-24,4,유상
2026-01-20,WC2103,현장_010,설치,완료,2026-01-20,0,유상
2026-01-20,CW1506,현장_026,설치,완료,2026-01-21,1,무상
2026-01-20,CW1514,현장_008,작동불량,진행중,,5,무상
2026-01-20,RB1506,△△개발 주식회사,외관파손,완료,2026-01-23,3,무상
2026-01-20,RB1504,현장_029,누수,완료,2026-01-21,1,무상
2026-01-20,BF3129,현장_039,누수,완료,2026-01-20,0,무상
2026-01-20,BF3119,현장_027,작동불량,완료,2026-01-20,0,무상
2026-01-21,WC2126,◇◇하우징,소음,진행중,,5,유상
2026-01-21,WC2143,현장_007,외관파손,완료,2026-01-24,3,유상
2026-01-21,BF3121,현장_036,설치,완료,2026-01-24,3,무상
2026-01-21,WC2122,현장_033,누수,완료,2026-01-25,4,무상
2026-01-21,BF3121,현장_045,소음,완료,2026-01-23,2,무상
2026-01-21,WC2136,현장_043,작동불량,완료,2026-01-23,2,무상
2026-01-21,RB1510,현장_039,작동불량,완료,2026-01-25,4,무상
2026-01-21,BF3112,현장_007,누수,완료,2026-01-23,2,유상
2026-01-21,WC2115,현장_036,소음,완료,2026-01-23,2,유상
2026-01-21,BF3106,현장_020,외관파손,완료,2026-01-21,0,무상
2026-01-21,CW1503,현장_019,설치,완료,2026-01-21,0,유상
2026-01-21,RB1524,현장_038,작동불량,완료,2026-01-25,4,유상
2026-01-21,CW1528,현장_030,설치,완료,2026-01-25,4,유상
2026-01-21,RB1534,현장_037,외관파손,완료,2026-01-22,1,무상
2026-01-21,WC2136,현장_048,소음,완료,2026-01-25,4,무상
2026-01-21,BF3104,현장_039,외관파손,완료,2026-01-24,3,유상
2026-01-21,RB1507,현장_030,설치,완료,2026-01-21,0,유상
2026-01-21,WC2134,현장_048,설치,완료,2026-01-21,0,유상
2026-01-21,BF3106,현장_012,누수,완료,2026-01-25,4,무상
2026-01-22,WC2142-N,현장_046,외관파손,완료,2026-01-25,3,유상
2026-01-22,RB1529,현장_030,외관파손,진행중,,5,유상
2026-01-22,RB1529,현장_033,누수,완료,2026-01-24,2,유상
2026-01-22,BF3129,현장_031,누수,완료,2026-01-24,2,유상
2026-01-22,BF3111,현장_037,작동불량,완료,2026-01-25,3,무상
2026-01-22,CW1512,현장_033,설치,완료,2026-01-25,3,무상
2026-01-22,RB1514,◇◇하우징,외관파손,완료,2026-01-24,2,유상
2026-01-22,RB1505,☆☆파트너스(주),누수,진행중,,5,유상
2026-01-22,WC2143,현장_023,소음,완료,2026-01-25,3,유상
2026-01-22,RB1501,△△개발 주식회사,작동불량,완료,2026-01-22,0,유상
2026-01-22,WC2144,◇◇하우징(주),소음,진행중,,5,무상
2026-01-22,WC2105,현장_036,외관파손,완료,2026-01-23,1,유상
2026-01-22,BF3125,현장_047,소음,완료,2026-01-24,2,유상
2026-01-22,RB1513,현장_038,소음,완료,2026-01-22,0,유상
2026-01-22,CW1518,현장_050,누수,진행중,,5,무상
2026-01-22,RB1520,현장_038,소음,완료,2026-01-22,0,무상
2026-01-22,BF3127,현장_020,작동불량,완료,2026-01-25,3,유상
2026-01-22,CW1528,현장_040,소음,진행중,,5,유상
2026-01-22,RB1540,현장_017,작동불량,완료,2026-01-25,3,유상
2026-01-22,WC2114-N,현장_017,작동불량,완료,2026-01-23,1,무상
2026-01-22,RB1537,현장_030,소음,완료,2026-01-23,1,유상
2026-01-22,CW1526,현장_018,누수,완료,2026-01-23,1,유상
2026-01-22,BF3121,현장_034,작동불량,완료,2026-01-22,0,유상
2026-01-22,BF3126,현장_026,소음,진행중,,5,유상
2026-01-22,CW1501,현장_037,설치,완료,2026-01-26,4,유상
2026-01-23,BF3104,☆☆파트너스(주),누수,진행중,,5,무상
2026-01-23,RB1512,현장_007,설치,완료,2026-01-23,0,유상
2026-01-23,WC2135-N,현장_049,설치,완료,2026-01-27,4,유상
2026-01-23,RB1525,현장_044,소음,완료,2026-01-23,0,무상
2026-01-23,CW1501,현장_037,누수,완료,2026-01-23,0,무상
2026-01-23,RB1539,☆☆파트너스,작동불량,완료,2026-01-23,0,무상
2026-01-23,WC2120,현장_017,누수,완료,2026-01-24,1,유상
2026-01-23,CW1529,현장_008,설치,완료,2026-01-23,0,유상
2026-01-23,WC2138,○○建設,누수,완료,2026-01-24,1,유상
2026-01-23,WC2103,☆☆파트너스,소음,완료,2026-01-23,0,유상
2026-01-23,RB1531,현장_015,누수,완료,2026-01-23,0,유상
2026-01-23,CW1518,현장_032,작동불량,완료,2026-01-24,1,유상
2026-01-23,CW1515,현장_024,작동불량,완료,2026-01-26,3,무상
2026-01-23,WC2131,현장_031,누수,완료,2026-01-23,0,유상
2026-01-23,RB1515,현장_041,소음,완료,2026-01-27,4,유상
2026-01-23,CW1505,현장_013,작동불량,완료,2026-01-24,1,무상
2026-01-23,BF3117,현장_008,누수,완료,2026-01-23,0,유상
2026-01-23,CW1501,현장_015,작동불량,완료,2026-01-23,0,무상
2026-01-23,WC2106,현장_012,누수,완료,2026-01-24,1,유상
2026-01-23,BF3112,현장_031,소음,완료,2026-01-27,4,유상
2026-01-23,RB1511,현장_047,작동불량,완료,2026-01-27,4,유상
2026-01-23,WC2115,현장_017,누수,완료,2026-01-27,4,유상
2026-01-23,RB1514,현장_032,외관파손,완료,2026-01-23,0,무상
2026-01-23,CW1513,현장_013,누수,완료,2026-01-25,2,무상
2026-01-24,WC2129,현장_039,소음,완료,2026-01-26,2,무상
2026-01-24,WC2146,현장_009,누수,완료,2026-01-28,4,유상
2026-01-24,CW1526,현장_043,설치,진행중,,5,유상
2026-01-24,WC2132,현장_035,설치,완료,2026-01-28,4,유상
2026-01-24,WC2122,현장_040,소음,진행중,,5,유상
2026-01-24,RB1510,현장_021,외관파손,완료,2026-01-27,3,무상
2026-01-24,RB1539,현장_037,소음,완료,2026-01-28,4,유상
2026-01-24,RB1525,현장_009,누수,완료,2026-01-26,2,무상
2026-01-24,CW1510,현장_009,소음,완료,2026-01-26,2,무상
2026-01-24,CW1523,현장_014,외관파손,완료,2026-01-26,2,유상
2026-01-24,BF3103,현장_023,외관파손,완료,2026-01-27,3,유상
2026-01-24,WC2108,현장_016,작동불량,완료,2026-01-28,4,무상
2026-01-24,RB1538,현장_032,누수,진행중,,5,유상
2026-01-24,WC2116,현장_009,외관파손,완료,2026-01-28,4,무상
2026-01-24,BF3116,현장_039,설치,완료,2026-01-27,3,유상
2026-01-24,RB1503,현장_017,누수,완료,2026-01-26,2,유상
2026-01-24,CW1505,현장_021,외관파손,완료,2026-01-26,2,유상
2026-01-24,WC2105,현장_037,작동불량,완료,2026-01-28,4,유상
2026-01-24,WC2102,현장_012,소음,완료,2026-01-24,0,유상
2026-01-25,RB1519,현장_021,소음,완료,2026-01-29,4,유상
2026-01-25,CW1503,현장_012,외관파손,진행중,,5,무상
2026-01-25,BF3124,현장_040,작동불량,완료,2026-01-25,0,유상
2026-01-25,RB1517,현장_045,누수,완료,2026-01-27,2,유상
2026-01-25,CW1521,현장_049,작동불량,완료,2026-01-25,0,무상
2026-01-25,BF3112,현장_028,소음,진행중,,5,유상
2026-01-25,BF3108,현장_030,누수,진행중,,10,유상
2026-01-25,WC2124,현장_006,작동불량,완료,2026-01-26,1,유상
2026-01-25,WC2142-N,현장_015,소음,완료,2026-01-29,4,무상
2026-01-25,RB1517,현장_044,누수,완료,2026-01-25,0,유상
2026-01-25,WC2139,현장_016,소음,완료,2026-01-28,3,유상
2026-01-25,BF3128,현장_034,외관파손,완료,2026-01-26,1,무상
2026-01-25,RB1506,현장_036,작동불량,완료,2026-01-28,3,무상
2026-01-25,BF3104,현장_033,소음,완료,2026-01-29,4,유상
2026-01-25,RB1520,현장_037,작동불량,진행중,,5,유상
2026-01-25,RB1538,△△개발(주),소음,완료,2026-01-27,2,유상
2026-01-25,WC2109,현장_029,외관파손,완료,2026-01-28,3,무상
2026-01-25,BF3123,현장_020,설치,진행중,,5,유상
2026-01-25,WC2141,현장_009,작동불량,완료,2026-01-27,2,유상
2026-01-25,CW1524,현장_030,작동불량,완료,2026-01-29,4,유상
2026-01-25,BF3104,현장_037,설치,완료,2026-01-26,1,무상
2026-01-25,BF3106,현장_035,작동불량,완료,2026-01-27,2,유상
2026-01-25,RB1516,현장_011,작동불량,진행중,,5,유상
2026-01-25,RB1524,현장_036,누수,완료,2026-01-26,1,무상
2026-01-25,WC2117,현장_045,설치,진행중,,5,유상
2026-01-26,WC2121-N,현장_018,작동불량,완료,2026-01-26,0,무상
2026-01-26,RB1506,현장_049,소음,완료,2026-01-30,4,무상
2026-01-26,RB1526,현장_020,외관파손,완료,2026-01-26,0,무상
2026-01-26,WC2118,현장_036,설치,완료,2026-01-30,4,무상
2026-01-26,BF3125,현장_009,소음,완료,2026-01-26,0,유상
2026-01-26,RB1527,현장_044,작동불량,진행중,,5,유상
2026-01-26,WC2134,현장_038,누수,진행중,,5,유상
2026-01-26,BF3110,현장_047,누수,진행중,,8,무상
2026-01-26,CW1523,현장_028,소음,완료,2026-01-28,2,무상
2026-01-26,WC2104,◇◇하우징,소음,완료,2026-01-29,3,유상
2026-01-26,BF3127,현장_050,설치,완료,2026-01-28,2,무상
2026-01-26,RB1508,현장_033,작동불량,완료,2026-01-27,1,유상
2026-01-26,BF3127,현장_027,누수,진행중,,5,유상
2026-01-26,WC2117,현장_044,누수,완료,2026-01-27,1,유상
2026-01-26,WC2134,현장_008,소음,완료,2026-01-26,0,유상
2026-01-26,RB1540,현장_013,외관파손,완료,2026-01-30,4,유상
2026-01-26,CW1529,현장_044,작동불량,완료,2026-01-28,2,무상
2026-01-26,WC2144,현장_007,외관파손,완료,2026-01-29,3,무상
2026-01-26,BF3101,현장_023,설치,완료,2026-01-29,3,무상
2026-01-26,WC2140,현장_033,외관파손,완료,2026-01-30,4,무상
2026-01-26,CW1525,현장_010,설치,완료,2026-01-30,4,무상
2026-01-26,RB1503,현장_007,소음,진행중,,5,유상
2026-01-26,WC2107-N,◇◇하우징(주),작동불량,완료,2026-01-30,4,무상
2026-01-26,WC2103,현장_020,설치,진행중,,5,유상
2026-01-26,BF3107,현장_044,설치,완료,2026-01-27,1,유상
2026-01-26,RB1504,현장_033,소음,진행중,,5,유상
2026-01-26,WC2131,현장_041,외관파손,완료,2026-01-28,2,무상
2026-01-26,WC2105,현장_012,소음,완료,2026-01-27,1,유상
2026-01-26,BF3123,현장_037,작동불량,완료,2026-01-27,1,무상
2026-01-26,WC2101,현장_020,설치,완료,2026-01-28,2,유상
2026-01-27,WC2141,현장_047,외관파손,완료,2026-01-28,1,유상
2026-01-27,RB1525,○○건설,소음,완료,2026-01-29,2,무상
2026-01-27,CW1523,현장_019,소음,완료,2026-01-28,1,무상
2026-01-27,CW1525,현장_031,작동불량,완료,2026-01-28,1,유상
2026-01-27,WC2132,현장_034,외관파손,진행중,,10,유상
2026-01-27,CW1512,□□건축,설치,완료,2026-01-29,2,무상
2026-01-27,WC2103,현장_008,작동불량,완료,2026-01-27,0,무상
2026-01-27,WC2132,현장_030,작동불량,진행중,,5,무상
2026-01-27,BF3104,현장_046,작동불량,진행중,,7,유상
2026-01-27,WC2147,현장_040,작동불량,진행중,,5,무상
2026-01-27,WC2111,○○건설(주),외관파손,완료,2026-01-28,1,유상
2026-01-27,WC2111,현장_014,외관파손,완료,2026-01-27,0,무상
2026-01-27,WC2146,현장_016,외관파손,완료,2026-01-30,3,유상
2026-01-27,CW1508,현장_009,소음,완료,2026-01-30,3,유상
2026-01-27,WC2134,△△개발,설치,완료,2026-01-29,2,무상
2026-01-27,RB1502,현장_048,누수,완료,2026-01-28,1,유상
2026-01-28,CW1507,현장_046,작동불량,완료,2026-02-01,4,유상
2026-01-28,RB1527,현장_045,작동불량,진행중,,5,유상
2026-01-28,RB1528,현장_048,작동불량,완료,2026-01-28,0,유상
2026-01-28,RB1531,△△개발 주식회사,소음,완료,2026-01-31,3,유상
2026-01-28,RB1507,◇◇하우징,외관파손,완료,2026-01-30,2,유상
2026-01-28,WC2110,현장_013,설치,완료,2026-01-28,0,유상
2026-01-28,CW1501,현장_021,작동불량,완료,2026-01-28,0,유상
2026-01-28,RB1515,현장_021,설치,완료,2026-01-28,0,무상
2026-01-28,BF3126,현장_027,설치,완료,2026-01-31,3,무상
2026-01-28,CW1506,현장_022,작동불량,완료,2026-02-01,4,유상
2026-01-28,CW1523,현장_044,외관파손,완료,2026-01-30,2,무상
2026-01-28,BF3110,현장_019,소음,완료,2026-01-31,3,무상
2026-01-28,BF3119,현장_011,외관파손,완료,2026-01-30,2,유상
2026-01-28,BF3113,현장_028,소음,완료,2026-01-31,3,무상
2026-01-28,CW1516,◇◇하우징,소음,완료,2026-01-28,0,유상
2026-01-28,CW1520,현장_031,설치,완료,2026-01-30,2,유상
2026-01-28,RB1539,현장_014,설치,완료,2026-01-28,0,유상
2026-01-29,CW1520,현장_039,누수,완료,2026-01-31,2,유상
2026-01-29,WC2124,현장_036,설치,완료,2026-01-30,1,무상
2026-01-29,CW1514,현장_010,작동불량,완료,2026-02-02,4,무상
2026-01-29,WC2139,현장_008,작동불량,완료,2026-01-30,1,유상
2026-01-29,RB1519,현장_035,누수,완료,2026-02-01,3,유상
2026-01-29,BF3116,현장_048,누수,완료,2026-01-29,0,무상
2026-01-29,RB1507,현장_010,누수,완료,2026-02-01,3,유상
2026-01-29,CW1507,현장_040,외관파손,완료,2026-01-29,0,유상
2026-01-29,BF3121,현장_033,외관파손,진행중,,5,유상
2026-01-29,BF3110,☆☆파트너스,누수,완료,2026-01-31,2,유상
2026-01-29,CW1518,현장_006,누수,완료,2026-02-01,3,무상
2026-01-29,BF3123,◇◇하우징(주),작동불량,진행중,,5,무상
2026-01-29,BF3120,현장_023,설치,진행중,,5,무상
2026-01-29,RB1534,현장_007,누수,완료,2026-01-31,2,무상
2026-01-29,CW1513,현장_023,설치,완료,2026-01-30,1,유상
2026-01-29,WC2128-N,현장_029,작동불량,완료,2026-01-30,1,무상
2026-01-29,RB1521,현장_042,작동불량,진행중,,5,유상
2026-01-29,CW1510,현장_008,외관파손,완료,2026-01-29,0,유상
2026-01-29,WC2147,현장_014,설치,완료,2026-02-02,4,유상
2026-01-29,WC2110,현장_029,작동불량,완료,2026-01-29,0,유상
2026-01-29,CW1517,현장_019,외관파손,완료,2026-02-02,4,유상
2026-01-29,WC2136,현장_015,작동불량,완료,2026-02-02,4,유상
2026-01-29,WC2111,현장_042,외관파손,진행중,,5,무상
2026-01-29,RB1539,현장_039,외관파손,완료,2026-02-02,4,유상
2026-01-29,BF3130,현장_009,누수,완료,2026-01-31,2,무상
2026-01-29,WC2137,◇◇하우징,작동불량,완료,2026-02-02,4,유상
2026-01-30,WC2148,현장_035,설치,완료,2026-02-01,2,유상
2026-01-30,CW1518,현장_015,외관파손,완료,2026-02-03,4,유상
2026-01-30,WC2112,현장_028,작동불량,진행중,,5,유상
2026-01-30,CW1518,현장_016,설치,진행중,,5,무상
2026-01-30,WC2138,현장_010,소음,완료,2026-01-31,1,유상
2026-01-30,WC2110,현장_044,누수,완료,2026-02-03,4,유상
2026-01-30,BF3121,□□건축,작동불량,완료,2026-01-31,1,무상
2026-01-30,WC2125,현장_022,설치,완료,2026-01-31,1,무상
2026-01-30,CW1528,현장_012,소음,완료,2026-02-03,4,무상
2026-01-30,WC2134,현장_023,설치,완료,2026-02-03,4,유상
2026-01-30,RB1531,현장_046,소음,완료,2026-01-31,1,무상
2026-01-30,CW1515,현장_040,외관파손,진행중,,5,유상
2026-01-30,CW1515,○○建設,작동불량,진행중,,5,유상
2026-01-30,RB1525,◇◇하우징(주),설치,진행중,,5,유상
2026-01-30,BF3109,현장_039,설치,완료,2026-02-02,3,무상
2026-01-30,RB1516,현장_027,설치,완료,2026-02-01,2,유상
2026-01-30,CW1530,현장_045,설치,완료,2026-02-03,4,유상
2026-01-30,BF3115,현장_014,외관파손,완료,2026-02-03,4,유상
2026-01-30,RB1502,현장_031,소음,완료,2026-01-30,0,유상
2026-01-30,CW1516,현장_040,누수,진행중,,5,유상
2026-01-30,BF3113,현장_027,설치,완료,2026-01-30,0,무상
2026-01-31,RB1540,현장_040,작동불량,완료,2026-02-04,4,유상
2026-01-31,RB1523,현장_032,외관파손,완료,2026-01-31,0,유상
2026-01-31,RB1510,현장_019,누수,완료,2026-02-03,3,유상
2026-01-31,CW1521,현장_014,누수,완료,2026-02-04,4,유상
2026-01-31,BF3119,현장_044,설치,완료,2026-02-04,4,유상
2026-01-31,BF3116,현장_021,소음,완료,2026-02-01,1,유상
2026-01-31,BF3106,현장_034,소음,완료,2026-02-04,4,유상
2026-01-31,CW1508,현장_029,소음,완료,2026-01-31,0,무상
2026-01-31,WC2146,현장_024,소음,완료,2026-02-01,1,유상
2026-01-31,RB1512,현장_013,설치,완료,2026-01-31,0,유상
2026-01-31,CW1511,현장_029,외관파손,완료,2026-02-01,1,무상
2026-01-31,RB1524,현장_027,누수,완료,2026-02-04,4,유상
2026-01-31,BF3120,현장_031,설치,완료,2026-01-31,0,유상
2026-01-31,WC2115,현장_042,누수,완료,2026-02-04,4,무상
2026-01-31,WC2111,△△개발(주),작동불량,완료,2026-02-03,3,무상
2026-01-31,RB1539,현장_034,소음,완료,2026-01-31,0,유상
2026-01-31,WC2138,○○건설,소음,진행중,,7,유상
2026-01-31,WC2103,현장_021,소음,완료,2026-02-01,1,유상
2026-01-31,CW1520,현장_034,설치,완료,2026-01-31,0,무상
2026-01-31,RB1501,현장_012,설치,완료,2026-01-31,0,무상
2026-01-31,WC2110,현장_007,작동불량,완료,2026-02-04,4,무상
2026-01-31,BF3119,현장_008,설치,완료,2026-01-31,0,유상
2026-01-31,WC2112,○○건설,외관파손,완료,2026-01-31,0,무상
2026-01-31,WC2150,현장_026,작동불량,완료,2026-02-04,4,유상
2026-01-31,CW1513,현장_041,작동불량,진행중,,5,유상
2026-01-31,RB1537,현장_020,작동불량,완료,2026-02-04,4,유상
2026-02-01,WC2145,현장_029,작동불량,완료,2026-02-01,0,유상
2026-02-01,WC2144,현장_043,누수,완료,2026-02-01,0,유상
2026-02-01,RB1501,현장_042,설치,완료,2026-02-01,0,무상
2026-02-01,BF3105,현장_029,소음,완료,2026-02-03,2,유상
2026-02-01,BF3111,현장_018,외관파손,진행중,,10,무상
2026-02-01,CW1519,현장_038,외관파손,완료,2026-02-04,3,무상
2026-02-01,WC2127,현장_028,작동불량,완료,2026-02-04,3,무상
2026-02-01,WC2120,현장_018,작동불량,진행중,,5,유상
2026-02-01,RB1519,현장_038,작동불량,완료,2026-02-05,4,유상
2026-02-01,CW1530,현장_044,누수,완료,2026-02-03,2,무상
2026-02-01,WC2107-N,현장_050,누수,완료,2026-02-05,4,유상
2026-02-01,BF3118,현장_013,작동불량,완료,2026-02-03,2,유상
2026-02-01,CW1521,현장_050,설치,완료,2026-02-02,1,유상
2026-02-01,CW1529,◇◇하우징,외관파손,진행중,,5,유상
2026-02-01,BF3115,현장_040,작동불량,완료,2026-02-02,1,유상
2026-02-01,WC2110,현장_013,설치,완료,2026-02-03,2,유상
2026-02-01,WC2131,현장_027,외관파손,완료,2026-02-02,1,유상
2026-02-01,BF3108,○○건설(주),작동불량,완료,2026-02-05,4,유상
2026-02-01,WC2119,□□건축,작동불량,완료,2026-02-01,0,무상
2026-02-01,RB1530,현장_026,외관파손,완료,2026-02-04,3,유상
2026-02-01,BF3106,현장_013,설치,완료,2026-02-01,0,유상
2026-02-01,WC2131,현장_006,소음,완료,2026-02-02,1,무상
2026-02-01,RB1529,현장_009,소음,완료,2026-02-03,2,무상
2026-02-01,WC2107-N,현장_040,외관파손,완료,2026-02-01,0,무상
2026-02-01,BF3108,현장_035,소음,완료,2026-02-04,3,유상
2026-02-01,WC2136,현장_022,누수,완료,2026-02-02,1,무상
2026-02-01,BF3125,현장_022,설치,진행중,,5,유상
2026-02-01,WC2135-N,현장_013,누수,완료,2026-02-05,4,무상
2026-02-02,BF3115,현장_011,외관파손,진행중,,7,유상
2026-02-02,WC2147,현장_009,누수,완료,2026-02-04,2,유상
2026-02-02,WC2117,현장_023,설치,완료,2026-02-04,2,무상
2026-02-02,WC2120,현장_050,설치,완료,2026-02-02,0,무상
2026-02-02,BF3121,현장_041,외관파손,완료,2026-02-02,0,유상
2026-02-02,WC2109,현장_031,설치,완료,2026-02-06,4,유상
2026-02-02,RB1519,현장_048,외관파손,완료,2026-02-04,2,유상
2026-02-02,BF3130,현장_019,외관파손,완료,2026-02-04,2,무상
2026-02-02,RB1517,현장_041,누수,완료,2026-02-06,4,무상
2026-02-02,CW1516,현장_027,소음,완료,2026-02-04,2,유상
2026-02-02,CW1517,현장_033,작동불량,완료,2026-02-05,3,유상
2026-02-02,BF3105,◇◇하우징(주),누수,완료,2026-02-05,3,무상
2026-02-02,WC2117,현장_032,소음,완료,2026-02-02,0,무상
2026-02-02,BF3115,현장_024,누수,완료,2026-02-03,1,유상
2026-02-02,RB1512,현장_010,소음,진행중,,5,유상
2026-02-02,WC2148,현장_012,누수,완료,2026-02-06,4,유상
2026-02-02,WC2126,현장_024,작동불량,진행중,,5,유상
2026-02-02,WC2106,현장_042,외관파손,완료,2026-02-04,2,유상
2026-02-02,BF3124,현장_037,작동불량,진행중,,5,무상
2026-02-02,BF3114,☆☆파트너스,작동불량,완료,2026-02-05,3,유상
2026-02-02,BF3115,현장_011,설치,완료,2026-02-02,0,무상
2026-02-03,RB1517,현장_014,외관파손,완료,2026-02-03,0,무상
2026-02-03,CW1525,현장_048,누수,진행중,,5,무상
2026-02-03,WC2117,현장_023,누수,완료,2026-02-04,1,무상
2026-02-03,RB1525,현장_019,소음,완료,2026-02-05,2,유상
2026-02-03,RB1529,현장_032,외관파손,완료,2026-02-07,4,유상
2026-02-03,CW1520,현장_049,작동불량,완료,2026-02-04,1,무상
2026-02-03,WC2111,현장_048,설치,완료,2026-02-06,3,유상
2026-02-03,BF3129,현장_010,작동불량,완료,2026-02-07,4,유상
2026-02-03,RB1503,현장_030,작동불량,완료,2026-02-06,3,무상
2026-02-03,WC2123,현장_016,설치,진행중,,5,유상
2026-02-03,RB1530,현장_018,작동불량,완료,2026-02-04,1,무상
2026-02-03,CW1524,현장_046,소음,완료,2026-02-06,3,무상
2026-02-03,BF3118,현장_049,외관파손,완료,2026-02-03,0,무상
2026-02-03,BF3120,현장_041,작동불량,완료,2026-02-03,0,유상
2026-02-03,BF3101,현장_020,누수,완료,2026-02-07,4,유상
2026-02-03,WC2139,현장_036,설치,완료,2026-02-06,3,유상
2026-02-03,CW1518,현장_006,누수,완료,2026-02-04,1,유상
2026-02-03,WC2139,현장_037,소음,완료,2026-02-06,3,유상
2026-02-03,BF3124,현장_033,외관파손,완료,2026-02-06,3,유상
2026-02-03,WC2112,현장_041,설치,완료,2026-02-03,0,무상
2026-02-03,RB1514,현장_048,설치,완료,2026-02-03,0,유상
2026-02-03,CW1511,현장_006,설치,진행중,,5,유상
2026-02-03,RB1533,현장_025,소음,완료,2026-02-04,1,유상
2026-02-03,WC2148,현장_018,외관파손,완료,2026-02-06,3,유상
2026-02-03,RB1537,현장_008,설치,완료,2026-02-04,1,무상
2026-02-03,BF3127,현장_030,누수,완료,2026-02-04,1,무상
2026-02-03,RB1540,현장_049,외관파손,완료,2026-02-05,2,무상
2026-02-03,WC2149-N,현장_039,설치,완료,2026-02-05,2,무상
2026-02-03,WC2120,현장_011,소음,완료,2026-02-05,2,유상
2026-02-03,BF3127,현장_024,소음,완료,2026-02-03,0,유상
2026-02-04,WC2140,현장_038,누수,완료,2026-02-07,3,유상
2026-02-04,BF3112,현장_038,누수,완료,2026-02-08,4,유상
2026-02-04,CW1501,현장_014,외관파손,완료,2026-02-07,3,유상
2026-02-04,CW1506,현장_014,외관파손,완료,2026-02-04,0,무상
2026-02-04,WC2114-N,현장_034,작동불량,진행중,,5,유상
2026-02-04,BF3120,현장_047,소음,완료,2026-02-06,2,유상
2026-02-04,WC2109,현장_032,외관파손,진행중,,9,무상
2026-02-04,CW1519,◇◇하우징,누수,완료,2026-02-04,0,무상
2026-02-04,BF3117,□□건축,소음,완료,2026-02-05,1,유상
2026-02-04,RB1529,현장_026,누수,완료,2026-02-07,3,무상
2026-02-04,BF3107,현장_014,설치,진행중,,8,유상
2026-02-04,WC2122,현장_010,누수,완료,2026-02-07,3,유상
2026-02-04,CW1504,현장_041,설치,완료,2026-02-07,3,무상
2026-02-04,BF3116,현장_034,소음,완료,2026-02-08,4,유상
2026-02-04,RB1525,현장_042,작동불량,진행중,,10,유상
2026-02-04,WC2105,현장_043,소음,완료,2026-02-08,4,유상
2026-02-04,RB1502,△△개발 주식회사,누수,완료,2026-02-08,4,유상
2026-02-04,CW1530,현장_019,외관파손,완료,2026-02-08,4,유상
2026-02-04,WC2149-N,현장_031,소음,완료,2026-02-05,1,유상
2026-02-04,WC2106,현장_010,소음,완료,2026-02-06,2,무상
2026-02-04,BF3110,현장_008,소음,완료,2026-02-05,1,유상
2026-02-04,WC2110,현장_023,외관파손,완료,2026-02-08,4,유상
2026-02-04,RB1503,현장_006,누수,완료,2026-02-05,1,유상
2026-02-04,CW1520,현장_027,소음,완료,2026-02-06,2,유상
2026-02-05,CW1528,현장_020,누수,완료,2026-02-08,3,유상
2026-02-05,BF3103,현장_029,작동불량,완료,2026-02-08,3,유상
2026-02-05,WC2127,☆☆파트너스(주),외관파손,진행중,,5,무상
2026-02-05,RB1539,현장_015,작동불량,완료,2026-02-05,0,유상
2026-02-05,WC2120,현장_031,외관파손,완료,2026-02-07,2,유상
2026-02-05,WC2126,현장_014,작동불량,진행중,,5,유상
2026-02-05,WC2136,현장_038,설치,완료,2026-02-08,3,유상
2026-02-05,RB1527,현장_017,누수,완료,2026-02-07,2,유상
2026-02-05,RB1530,현장_043,소음,완료,2026-02-06,1,유상
2026-02-05,BF3128,현장_042,설치,완료,2026-02-07,2,유상
2026-02-05,RB1508,현장_014,소음,완료,2026-02-05,0,유상
2026-02-05,RB1524,현장_027,소음,완료,2026-02-09,4,무상
2026-02-05,RB1535,현장_032,작동불량,진행중,,5,무상
2026-02-05,CW1509,현장_027,설치,완료,2026-02-06,1,무상
2026-02-05,CW1506,현장_026,소음,완료,2026-02-08,3,무상
2026-02-05,CW1530,현장_030,누수,진행중,,5,유상
2026-02-05,CW1509,현장_029,외관파손,완료,2026-02-08,3,무상
2026-02-05,RB1508,□□건축,작동불량,완료,2026-02-08,3,유상
2026-02-05,CW1516,현장_020,누수,완료,2026-02-09,4,유상
2026-02-05,CW1530,현장_028,소음,완료,2026-02-05,0,유상
2026-02-05,CW1520,현장_006,외관파손,완료,2026-02-07,2,무상
2026-02-05,RB1537,현장_035,외관파손,완료,2026-02-07,2,유상
2026-02-05,RB1530,현장_010,누수,진행중,,5,무상
2026-02-05,CW1514,현장_046,외관파손,완료,2026-02-09,4,무상
2026-02-05,BF3101,현장_042,소음,완료,2026-02-07,2,유상
2026-02-06,WC2104,현장_042,외관파손,완료,2026-02-10,4,유상
2026-02-06,WC2101,현장_050,작동불량,완료,2026-02-07,1,유상
2026-02-06,BF3118,현장_011,소음,진행중,,5,무상
2026-02-06,RB1520,현장_006,누수,진행중,,5,유상
2026-02-06,WC2136,현장_006,작동불량,완료,2026-02-09,3,유상
2026-02-06,RB1513,현장_006,작동불량,완료,2026-02-09,3,유상
2026-02-06,WC2142-N,현장_049,작동불량,완료,2026-02-07,1,유상
2026-02-06,BF3127,현장_012,설치,완료,2026-02-08,2,유상
2026-02-06,RB1521,현장_033,작동불량,진행중,,9,유상
2026-02-06,BF3130,현장_013,누수,완료,2026-02-08,2,유상
2026-02-06,BF3113,현장_007,외관파손,완료,2026-02-10,4,무상
2026-02-06,WC2113,현장_030,누수,완료,2026-02-10,4,유상
2026-02-06,RB1525,☆☆파트너스,소음,완료,2026-02-08,2,유상
2026-02-06,RB1533,현장_044,작동불량,진행중,,7,유상
2026-02-06,RB1530,현장_036,소음,진행중,,5,무상
2026-02-06,BF3117,현장_013,누수,진행중,,5,유상
2026-02-06,WC2112,현장_031,작동불량,완료,2026-02-08,2,유상
2026-02-07,WC2124,현장_018,외관파손,완료,2026-02-07,0,유상
2026-02-07,BF3123,현장_029,작동불량,완료,2026-02-09,2,유상
2026-02-07,RB1523,현장_050,작동불량,완료,2026-02-09,2,유상
2026-02-07,WC2132,현장_048,누수,완료,2026-02-09,2,무상
2026-02-07,CW1516,현장_047,설치,완료,2026-02-10,3,무상
2026-02-07,RB1533,현장_009,외관파손,완료,2026-02-09,2,유상
2026-02-07,RB1532,현장_031,소음,진행중,,7,무상
2026-02-07,BF3104,현장_036,설치,진행중,,5,무상
2026-02-07,CW1506,현장_011,소음,완료,2026-02-11,4,유상
2026-02-07,CW1513,현장_039,작동불량,진행중,,5,무상
2026-02-07,RB1502,☆☆파트너스,설치,완료,2026-02-08,1,유상
2026-02-07,BF3118,현장_046,작동불량,진행중,,8,무상
2026-02-07,WC2111,현장_043,누수,완료,2026-02-10,3,유상
2026-02-07,RB1540,현장_048,설치,완료,2026-02-10,3,무상
2026-02-07,CW1517,현장_016,작동불량,완료,2026-02-11,4,유상
2026-02-07,WC2147,현장_043,누수,완료,2026-02-10,3,유상
2026-02-07,WC2133,현장_013,소음,완료,2026-02-11,4,무상
2026-02-07,RB1502,현장_015,외관파손,완료,2026-02-08,1,무상
2026-02-07,RB1507,현장_041,소음,완료,2026-02-07,0,무상
2026-02-07,WC2124,현장_007,소음,완료,2026-02-08,1,유상
2026-02-07,WC2130,현장_038,작동불량,완료,2026-02-07,0,유상
2026-02-07,WC2144,현장_048,작동불량,완료,2026-02-07,0,유상
2026-02-08,BF3115,현장_022,외관파손,완료,2026-02-10,2,무상
2026-02-08,RB1519,현장_032,외관파손,진행중,,5,유상
2026-02-08,RB1503,현장_040,누수,완료,2026-02-12,4,유상
2026-02-08,CW1510,현장_024,소음,완료,2026-02-11,3,무상
2026-02-08,CW1517,현장_012,소음,완료,2026-02-12,4,무상
2026-02-08,BF3107,현장_018,누수,완료,2026-02-08,0,유상
2026-02-08,WC2111,현장_037,누수,완료,2026-02-08,0,무상
2026-02-08,WC2103,현장_034,외관파손,진행중,,5,유상
2026-02-08,RB1525,현장_011,소음,완료,2026-02-09,1,무상
2026-02-08,WC2108,현장_013,소음,완료,2026-02-09,1,유상
2026-02-08,WC2133,현장_042,작동불량,완료,2026-02-09,1,무상
2026-02-08,BF3109,현장_017,소음,진행중,,5,무상
2026-02-08,CW1530,현장_046,소음,진행중,,9,유상
2026-02-08,RB1503,현장_019,설치,완료,2026-02-12,4,유상
2026-02-08,BF3123,현장_032,누수,완료,2026-02-12,4,무상
2026-02-08,WC2129,현장_008,누수,완료,2026-02-09,1,유상
2026-02-08,RB1537,현장_035,작동불량,완료,2026-02-08,0,유상
2026-02-08,WC2105,현장_023,외관파손,완료,2026-02-12,4,유상
2026-02-08,WC2110,현장_035,외관파손,완료,2026-02-09,1,유상
2026-02-08,WC2111,현장_006,외관파손,완료,2026-02-12,4,유상
2026-02-08,WC2103,현장_043,소음,완료,2026-02-08,0,무상
2026-02-08,WC2104,현장_023,설치,완료,2026-02-08,0,무상
2026-02-09,RB1530,현장_042,소음,완료,2026-02-10,1,유상
2026-02-09,BF3104,현장_015,설치,완료,2026-02-13,4,유상
2026-02-09,BF3106,현장_023,작동불량,진행중,,5,유상
2026-02-09,WC2112,현장_016,설치,완료,2026-02-13,4,유상
2026-02-09,CW1528,현장_043,소음,완료,2026-02-09,0,유상
2026-02-09,WC2132,현장_007,누수,완료,2026-02-11,2,유상
2026-02-09,CW1525,현장_012,누수,진행중,,5,유상
2026-02-09,RB1520,현장_038,작동불량,완료,2026-02-13,4,무상
2026-02-09,WC2137,현장_010,설치,완료,2026-02-10,1,무상
2026-02-09,RB1510,현장_018,설치,완료,2026-02-12,3,무상
2026-02-09,CW1508,현장_033,외관파손,완료,2026-02-10,1,무상
2026-02-09,WC2103,현장_040,외관파손,완료,2026-02-11,2,무상
2026-02-09,CW1511,현장_022,외관파손,완료,2026-02-11,2,무상
2026-02-09,BF3111,현장_032,작동불량,완료,2026-02-13,4,무상
2026-02-09,WC2123,현장_006,누수,완료,2026-02-11,2,유상
2026-02-09,RB1536,현장_009,외관파손,완료,2026-02-11,2,무상
2026-02-09,WC2129,현장_040,소음,완료,2026-02-12,3,유상
2026-02-09,WC2146,현장_016,소음,완료,2026-02-09,0,유상
2026-02-09,CW1515,현장_022,설치,완료,2026-02-13,4,무상
2026-02-09,CW1504,○○건설,누수,완료,2026-02-13,4,유상
2026-02-09,WC2112,현장_006,누수,완료,2026-02-10,1,유상
2026-02-09,CW1528,현장_016,소음,완료,2026-02-10,1,무상
2026-02-09,CW1511,현장_050,설치,진행중,,5,유상
2026-02-09,BF3114,현장_019,외관파손,완료,2026-02-10,1,무상
2026-02-09,RB1511,현장_007,설치,진행중,,5,유상
2026-02-09,WC2122,현장_020,누수,완료,2026-02-10,1,무상
2026-02-10,BF3120,현장_030,소음,완료,2026-02-12,2,무상
2026-02-10,CW1522,현장_043,누수,완료,2026-02-10,0,유상
2026-02-10,BF3114,현장_042,설치,완료,2026-02-11,1,유상
2026-02-10,CW1506,현장_027,작동불량,완료,2026-02-10,0,무상
2026-02-10,CW1502,현장_044,소음,완료,2026-02-14,4,유상
2026-02-10,RB1503,현장_046,작동불량,완료,2026-02-12,2,유상
2026-02-10,WC2148,현장_020,외관파손,완료,2026-02-13,3,유상
2026-02-10,RB1506,현장_036,작동불량,완료,2026-02-13,3,무상
2026-02-10,WC2121-N,현장_018,소음,완료,2026-02-10,0,무상
2026-02-10,WC2127,◇◇하우징,설치,완료,2026-02-12,2,유상
2026-02-10,CW1528,현장_025,설치,완료,2026-02-11,1,유상
2026-02-10,WC2128-N,현장_011,작동불량,완료,2026-02-12,2,무상
2026-02-10,WC2106,현장_016,설치,완료,2026-02-14,4,무상
2026-02-10,WC2149-N,현장_021,작동불량,완료,2026-02-14,4,유상
2026-02-10,BF3111,현장_018,작동불량,완료,2026-02-13,3,유상
2026-02-10,BF3102,현장_017,작동불량,진행중,,5,유상
2026-02-10,WC2133,현장_020,작동불량,완료,2026-02-10,0,유상
2026-02-10,RB1508,◇◇하우징(주),누수,진행중,,5,무상
2026-02-10,RB1513,현장_042,누수,완료,2026-02-14,4,무상
2026-02-10,WC2127,현장_047,소음,완료,2026-02-11,1,무상
2026-02-10,WC2112,현장_037,설치,진행중,,5,유상
2026-02-10,BF3108,현장_048,외관파손,완료,2026-02-10,0,무상
2026-02-10,RB1523,현장_019,소음,완료,2026-02-12,2,유상
2026-02-10,RB1521,◇◇하우징,설치,완료,2026-02-10,0,유상
2026-02-10,WC2109,현장_008,누수,완료,2026-02-12,2,유상
2026-02-10,BF3123,현장_044,작동불량,완료,2026-02-11,1,무상
2026-02-10,BF3106,현장_038,작동불량,완료,2026-02-14,4,무상
2026-02-10,RB1503,현장_019,작동불량,완료,2026-02-11,1,유상
2026-02-10,RB1527,현장_030,외관파손,완료,2026-02-10,0,유상
2026-02-10,RB1513,현장_008,누수,완료,2026-02-13,3,유상
2026-02-11,CW1523,현장_006,작동불량,완료,2026-02-12,1,유상
2026-02-11,WC2106,현장_017,작동불량,완료,2026-02-13,2,유상
2026-02-11,CW1510,현장_029,외관파손,완료,2026-02-13,2,무상
2026-02-11,CW1507,현장_018,외관파손,완료,2026-02-13,2,유상
2026-02-11,WC2118,현장_037,소음,완료,2026-02-11,0,무상
2026-02-11,WC2104,현장_026,작동불량,완료,2026-02-11,0,무상
2026-02-11,WC2115,현장_049,누수,진행중,,5,무상
2026-02-11,RB1522,현장_016,설치,진행중,,5,유상
2026-02-11,WC2112,현장_012,작동불량,진행중,,5,유상
2026-02-11,WC2139,현장_045,작동불량,진행중,,7,무상
2026-02-11,RB1509,현장_007,설치,진행중,,8,유상
2026-02-11,RB1515,현장_046,소음,완료,2026-02-13,2,유상
2026-02-11,BF3124,현장_006,소음,완료,2026-02-11,0,무상
2026-02-11,CW1523,현장_049,설치,완료,2026-02-12,1,무상
2026-02-11,RB1535,현장_041,작동불량,진행중,,5,무상
2026-02-11,WC2110,현장_039,외관파손,진행중,,5,유상
2026-02-11,BF3109,현장_046,작동불량,완료,2026-02-12,1,유상
2026-02-11,WC2140,현장_032,설치,완료,2026-02-12,1,유상
2026-02-11,RB1529,현장_016,설치,완료,2026-02-14,3,유상
2026-02-11,WC2102,현장_032,설치,진행중,,5,유상
2026-02-11,RB1534,현장_034,설치,완료,2026-02-15,4,유상
2026-02-11,RB1538,현장_027,누수,완료,2026-02-13,2,무상
2026-02-11,CW1529,현장_022,소음,진행중,,9,무상
2026-02-11,WC2130,현장_042,작동불량,완료,2026-02-14,3,유상
2026-02-11,WC2129,현장_013,외관파손,완료,2026-02-12,1,무상
2026-02-11,WC2141,현장_045,외관파손,완료,2026-02-12,1,유상
2026-02-11,WC2113,현장_035,외관파손,완료,2026-02-11,0,유상
2026-02-11,WC2124,○○건설,소음,완료,2026-02-12,1,무상
2026-02-11,RB1538,현장_045,외관파손,완료,2026-02-14,3,무상
2026-02-12,RB1532,현장_028,외관파손,완료,2026-02-13,1,무상
2026-02-12,BF3106,현장_011,작동불량,완료,2026-02-14,2,유상
2026-02-12,RB1508,현장_037,외관파손,완료,2026-02-12,0,무상
2026-02-12,RB1538,현장_016,소음,진행중,,5,유상
2026-02-12,WC2138,현장_021,소음,완료,2026-02-12,0,유상
2026-02-12,WC2112,현장_031,외관파손,완료,2026-02-12,0,무상
2026-02-12,WC2141,현장_027,누수,완료,2026-02-14,2,유상
2026-02-12,CW1504,현장_025,누수,완료,2026-02-14,2,무상
2026-02-12,CW1524,현장_040,소음,완료,2026-02-16,4,유상
2026-02-12,RB1505,현장_015,외관파손,진행중,,5,유상
2026-02-12,RB1528,현장_040,누수,완료,2026-02-15,3,유상
2026-02-12,CW1502,현장_022,설치,완료,2026-02-14,2,유상
2026-02-12,WC2122,현장_045,소음,진행중,,5,유상
2026-02-12,RB1506,현장_006,누수,완료,2026-02-16,4,유상
2026-02-12,BF3125,현장_050,작동불량,완료,2026-02-13,1,유상
2026-02-12,BF3115,현장_031,누수,완료,2026-02-16,4,유상
2026-02-12,RB1524,현장_009,작동불량,완료,2026-02-12,0,유상
2026-02-12,RB1526,현장_023,외관파손,완료,2026-02-13,1,유상
2026-02-12,RB1515,현장_020,설치,완료,2026-02-14,2,유상
2026-02-12,RB1508,현장_035,작동불량,진행중,,7,유상
2026-02-12,WC2135-N,현장_013,작동불량,완료,2026-02-16,4,무상
2026-02-12,WC2129,현장_030,설치,완료,2026-02-14,2,유상
2026-02-12,WC2141,현장_016,작동불량,완료,2026-02-16,4,유상
2026-02-12,WC2142-N,□□건축(주),작동불량,완료,2026-02-16,4,유상
2026-02-13,WC2115,현장_050,작동불량,완료,2026-02-13,0,무상
2026-02-13,WC2144,현장_031,소음,진행중,,5,유상
2026-02-13,CW1526,○○建設,설치,진행중,,5,유상
2026-02-13,BF3129,현장_027,소음,완료,2026-02-14,1,유상
2026-02-13,RB1505,현장_020,누수,완료,2026-02-17,4,무상
2026-02-13,CW1526,현장_011,누수,완료,2026-02-13,0,무상
2026-02-13,WC2122,현장_047,설치,완료,2026-02-14,1,유상
2026-02-13,RB1501,현장_025,누수,완료,2026-02-13,0,무상
2026-02-13,BF3130,현장_032,작동불량,완료,2026-02-13,0,무상
2026-02-13,WC2123,현장_029,설치,완료,2026-02-15,2,유상
2026-02-13,WC2134,현장_046,외관파손,완료,2026-02-15,2,무상
2026-02-13,BF3106,☆☆파트너스,누수,완료,2026-02-14,1,유상
2026-02-13,RB1517,현장_022,소음,진행중,,5,유상
2026-02-13,RB1523,☆☆파트너스,소음,완료,2026-02-17,4,무상
2026-02-13,BF3101,현장_006,소음,완료,2026-02-13,0,무상
2026-02-13,BF3107,현장_029,설치,완료,2026-02-16,3,무상
2026-02-13,BF3123,현장_030,소음,진행중,,5,유상
2026-02-13,RB1520,현장_044,작동불량,진행중,,5,유상
2026-02-13,RB1535,현장_039,소음,완료,2026-02-17,4,유상
2026-02-13,WC2106,현장_030,외관파손,완료,2026-02-14,1,유상
2026-02-13,WC2115,현장_020,누수,완료,2026-02-15,2,유상
2026-02-13,RB1528,현장_035,외관파손,완료,2026-02-17,4,유상
2026-02-13,WC2137,현장_010,외관파손,완료,2026-02-17,4,유상
2026-02-13,WC2130,현장_043,소음,완료,2026-02-17,4,유상
2026-02-13,WC2118,현장_021,작동불량,완료,2026-02-15,2,무상
2026-02-13,WC2138,현장_020,설치,완료,2026-02-15,2,무상
2026-02-13,BF3111,○○건설,소음,완료,2026-02-15,2,유상
2026-02-13,BF3120,현장_041,작동불량,완료,2026-02-13,0,유상
2026-02-13,RB1534,현장_029,설치,완료,2026-02-16,3,유상
2026-02-13,WC2136,현장_050,설치,완료,2026-02-15,2,무상
2026-02-14,RB1507,현장_008,설치,완료,2026-02-14,0,무상
2026-02-14,BF3130,현장_023,외관파손,완료,2026-02-15,1,유상
2026-02-14,WC2141,현장_021,누수,진행중,,5,유상
2026-02-14,CW1501,현장_011,작동불량,완료,2026-02-16,2,유상
2026-02-14,CW1527,현장_033,설치,완료,2026-02-18,4,유상
2026-02-14,CW1521,◇◇하우징,소음,완료,2026-02-16,2,무상
2026-02-14,RB1522,현장_033,소음,완료,2026-02-14,0,유상
2026-02-14,CW1521,현장_028,설치,완료,2026-02-15,1,무상
2026-02-14,WC2111,△△개발 주식회사,누수,진행중,,5,유상
2026-02-14,BF3120,현장_025,소음,완료,2026-02-14,0,유상
2026-02-14,WC2122,□□건축,설치,완료,2026-02-16,2,유상
2026-02-14,CW1527,현장_029,작동불량,완료,2026-02-15,1,무상
2026-02-14,RB1530,현장_028,작동불량,진행중,,5,무상
2026-02-14,RB1508,현장_047,소음,완료,2026-02-18,4,무상
2026-02-14,WC2147,현장_044,설치,진행중,,8,유상
2026-02-14,RB1537,현장_013,소음,완료,2026-02-16,2,무상
2026-02-14,BF3116,현장_049,설치,완료,2026-02-17,3,유상
2026-02-14,RB1509,현장_040,설치,완료,2026-02-15,1,유상
2026-02-14,RB1526,현장_035,외관파손,완료,2026-02-18,4,유상
2026-02-14,CW1527,현장_007,외관파손,진행중,,5,유상
2026-02-14,RB1505,현장_035,설치,완료,2026-02-18,4,유상
2026-02-14,WC2110,현장_025,소음,완료,2026-02-17,3,무상
2026-02-14,BF3126,현장_024,작동불량,완료,2026-02-17,3,유상
2026-02-14,WC2120,현장_038,설치,완료,2026-02-16,2,무상
2026-02-14,CW1521,현장_044,누수,완료,2026-02-15,1,유상
2026-02-14,RB1510,△△개발 주식회사,누수,완료,2026-02-14,0,유상
2026-02-14,BF3105,현장_046,누수,완료,2026-02-16,2,무상
2026-02-14,CW1520,현장_024,외관파손,완료,2026-02-18,4,유상
2026-02-14,BF3120,현장_046,소음,완료,2026-02-18,4,무상
2026-02-14,CW1521,현장_030,설치,진행중,,9,유상
2026-02-15,CW1523,현장_010,외관파손,완료,2026-02-16,1,무상
2026-02-15,RB1530,현장_012,소음,진행중,,8,무상
2026-02-15,CW1518,현장_025,소음,완료,2026-02-19,4,무상
2026-02-15,RB1502,현장_035,외관파손,완료,2026-02-15,0,유상
2026-02-15,RB1530,현장_019,누수,진행중,,8,무상
2026-02-15,RB1530,현장_033,작동불량,진행중,,11,유상
2026-02-15,RB1530,현장_043,누수,진행중,,8,유상
2026-02-15,RB1518,현장_042,작동불량,완료,2026-02-18,3,유상
2026-02-15,BF3116,현장_037,누수,완료,2026-02-15,0,무상
2026-02-15,RB1530,현장_026,설치,진행중,,11,유상
2026-02-15,CW1525,현장_013,누수,완료,2026-02-16,1,유상
2026-02-15,RB1530,현장_049,설치,진행중,,10,무상
2026-02-15,RB1523,현장_045,누수,완료,2026-02-17,2,유상
2026-02-15,RB1530,현장_034,소음,진행중,,8,유상
2026-02-15,RB1530,현장_038,소음,진행중,,7,무상
2026-02-15,WC2144,현장_048,작동불량,완료,2026-02-17,2,무상
2026-02-15,RB1514,현장_011,누수,완료,2026-02-16,1,유상
2026-02-15,WC2117,현장_008,누수,완료,2026-02-18,3,유상
2026-02-15,RB1530,현장_016,설치,진행중,,11,유상
2026-02-15,BF3106,현장_046,누수,진행중,,5,무상
2026-02-15,RB1528,현장_037,작동불량,완료,2026-02-19,4,무상
2026-02-16,WC2120,△△개발 주식회사,작동불량,완료,2026-02-18,2,유상
2026-02-16,CW1504,현장_007,설치,완료,2026-02-18,2,유상
2026-02-16,CW1511,현장_020,소음,완료,2026-02-16,0,무상
2026-02-16,RB1516,현장_020,설치,완료,2026-02-19,3,무상
2026-02-16,RB1530,현장_019,작동불량,진행중,,11,무상
2026-02-16,CW1509,현장_007,누수,완료,2026-02-20,4,유상
2026-02-16,BF3103,현장_017,설치,완료,2026-02-20,4,유상
2026-02-16,RB1514,현장_010,설치,진행중,,5,무상
2026-02-16,WC2102,현장_009,소음,완료,2026-02-17,1,무상
2026-02-16,RB1530,□□건축,설치,진행중,,8,유상
2026-02-16,RB1529,현장_022,설치,완료,2026-02-17,1,유상
2026-02-16,RB1530,현장_010,설치,진행중,,8,유상
2026-02-16,RB1530,현장_023,누수,진행중,,7,유상
2026-02-16,BF3129,현장_011,외관파손,완료,2026-02-20,4,유상
2026-02-16,WC2132,현장_018,설치,완료,2026-02-18,2,유상
2026-02-16,WC2118,현장_013,누수,완료,2026-02-19,3,무상
2026-02-16,RB1519,현장_028,누수,완료,2026-02-17,1,유상
2026-02-16,RB1530,현장_023,작동불량,진행중,,8,유상
2026-02-16,CW1523,○○건설,외관파손,진행중,,5,유상
2026-02-16,RB1504,현장_018,소음,완료,2026-02-20,4,유상
2026-02-17,RB1532,현장_047,외관파손,진행중,,5,유상
2026-02-17,RB1530,현장_050,누수,진행중,,7,유상
2026-02-17,RB1530,현장_030,작동불량,진행중,,7,유상
2026-02-17,RB1530,현장_050,소음,진행중,,10,무상
2026-02-17,WC2141,현장_012,외관파손,완료,2026-02-19,2,유상
2026-02-17,CW1518,현장_049,설치,완료,2026-02-21,4,유상
2026-02-17,WC2146,□□건축(주),설치,완료,2026-02-21,4,유상
2026-02-17,CW1530,☆☆파트너스,작동불량,완료,2026-02-19,2,무상
2026-02-17,RB1530,현장_048,설치,진행중,,11,유상
2026-02-17,CW1506,현장_022,작동불량,완료,2026-02-17,0,유상
2026-02-17,RB1530,현장_026,설치,진행중,,10,무상
2026-02-17,RB1530,현장_037,누수,진행중,,11,유상
2026-02-17,CW1524,□□건축,외관파손,완료,2026-02-20,3,유상
2026-02-17,RB1532,현장_007,설치,완료,2026-02-18,1,무상
2026-02-17,CW1530,현장_029,외관파손,완료,2026-02-21,4,유상
2026-02-17,RB1518,현장_010,작동불량,완료,2026-02-21,4,무상
2026-02-17,RB1525,현장_015,누수,완료,2026-02-21,4,유상
2026-02-17,CW1515,현장_017,누수,완료,2026-02-18,1,무상
2026-02-17,WC2147,현장_050,소음,완료,2026-02-20,3,유상
2026-02-17,RB1530,현장_030,누수,진행중,,10,유상
2026-02-17,CW1520,현장_049,누수,완료,2026-02-17,0,무상
2026-02-17,BF3107,현장_014,설치,완료,2026-02-17,0,무상
2026-02-17,RB1530,현장_050,소음,진행중,,7,유상
2026-02-17,RB1530,☆☆파트너스,작동불량,진행중,,7,무상
2026-02-17,WC2115,현장_044,설치,완료,2026-02-21,4,유상
2026-02-17,RB1518,현장_007,외관파손,완료,2026-02-17,0,유상
2026-02-17,RB1508,현장_010,작동불량,완료,2026-02-20,3,유상
2026-02-17,RB1530,현장_050,설치,진행중,,10,무상
2026-02-18,BF3103,현장_031,누수,완료,2026-02-21,3,유상
2026-02-18,RB1530,현장_033,설치,진행중,,10,무상
2026-02-18,WC2138,현장_017,누수,완료,2026-02-18,0,유상
2026-02-18,RB1530,현장_034,작동불량,진행중,,10,유상
2026-02-18,RB1518,현장_047,외관파손,완료,2026-02-18,0,유상
2026-02-18,WC2106,현장_037,소음,진행중,,5,무상
2026-02-18,RB1532,현장_036,설치,진행중,,5,유상
2026-02-18,RB1526,현장_025,소음,완료,2026-02-18,0,유상
2026-02-18,WC2146,현장_030,외관파손,완료,2026-02-20,2,유상
2026-02-18,WC2112,현장_032,작동불량,완료,2026-02-21,3,무상
2026-02-18,RB1530,◇◇하우징,소음,진행중,,9,유상
2026-02-18,RB1539,현장_012,소음,완료,2026-02-19,1,무상
2026-02-18,RB1530,현장_044,외관파손,진행중,,11,무상
2026-02-18,CW1530,현장_022,누수,완료,2026-02-22,4,무상
2026-02-18,RB1530,현장_046,누수,진행중,,10,유상
2026-02-18,RB1530,현장_031,소음,진행중,,9,유상
2026-02-18,BF3103,현장_032,작동불량,완료,2026-02-19,1,무상
2026-02-18,RB1530,현장_031,외관파손,진행중,,7,유상
2026-02-18,RB1530,현장_038,누수,진행중,,8,유상
2026-02-18,RB1530,현장_045,설치,진행중,,9,유상
2026-02-18,RB1530,현장_046,누수,진행중,,11,유상
2026-02-19,WC2146,△△개발 주식회사,소음,진행중,,5,무상
2026-02-19,CW1511,현장_020,외관파손,완료,2026-02-19,0,유상
2026-02-19,RB1530,○○건설(주),작동불량,진행중,,8,유상
2026-02-19,RB1530,□□건축(주),외관파손,진행중,,9,유상
2026-02-19,WC2101,현장_011,외관파손,완료,2026-02-21,2,유상
2026-02-19,RB1533,현장_030,외관파손,완료,2026-02-22,3,무상
2026-02-19,CW1504,현장_039,외관파손,진행중,,5,유상
2026-02-19,RB1530,현장_043,누수,진행중,,8,유상
2026-02-19,WC2128-N,현장_028,작동불량,완료,2026-02-21,2,유상
2026-02-19,RB1530,현장_027,소음,진행중,,10,유상
2026-02-19,BF3111,현장_016,소음,완료,2026-02-21,2,유상
2026-02-19,WC2106,현장_037,소음,완료,2026-02-22,3,무상
2026-02-19,RB1509,현장_014,설치,완료,2026-02-21,2,유상
2026-02-19,WC2112,현장_048,누수,완료,2026-02-22,3,유상
2026-02-19,CW1528,현장_017,누수,진행중,,5,유상
2026-02-19,RB1530,현장_007,누수,진행중,,10,유상
2026-02-19,WC2120,현장_045,누수,진행중,,5,유상
2026-02-19,RB1531,현장_030,누수,완료,2026-02-19,0,무상
2026-02-19,BF3123,현장_020,설치,완료,2026-02-20,1,무상
2026-02-19,RB1530,현장_031,설치,진행중,,11,무상
2026-02-19,WC2107-N,현장_047,작동불량,완료,2026-02-21,2,유상
2026-02-19,BF3124,현장_043,누수,완료,2026-02-20,1,무상
2026-02-19,RB1521,□□건축,소음,완료,2026-02-21,2,유상
2026-02-19,WC2117,현장_040,설치,완료,2026-02-21,2,유상
2026-02-20,RB1530,현장_049,누수,진행중,,9,유상
2026-02-20,RB1530,현장_025,소음,진행중,,9,무상
2026-02-20,RB1530,현장_035,외관파손,진행중,,11,유상
2026-02-20,RB1530,◇◇하우징(주),소음,진행중,,9,유상
2026-02-20,BF3114,현장_011,소음,완료,2026-02-24,4,유상
2026-02-20,RB1530,현장_016,외관파손,진행중,,7,무상
2026-02-20,RB1530,☆☆파트너스,누수,진행중,,7,무상
2026-02-20,RB1538,현장_035,소음,완료,2026-02-23,3,유상
2026-02-20,RB1530,현장_007,설치,진행중,,10,무상
2026-02-20,WC2132,현장_006,설치,완료,2026-02-20,0,유상
2026-02-20,BF3115,현장_006,소음,완료,2026-02-21,1,무상
2026-02-20,WC2134,현장_047,설치,진행중,,9,무상
2026-02-20,RB1517,현장_020,누수,완료,2026-02-21,1,유상
2026-02-20,WC2111,현장_006,누수,완료,2026-02-24,4,유상
2026-02-20,RB1521,◇◇하우징(주),작동불량,완료,2026-02-20,0,유상
2026-02-20,RB1530,현장_037,설치,진행중,,7,무상
2026-02-20,RB1519,현장_046,외관파손,진행중,,5,무상
2026-02-20,RB1530,현장_022,외관파손,진행중,,11,유상
2026-02-20,WC2145,현장_014,누수,완료,2026-02-23,3,무상
2026-02-20,WC2138,현장_031,작동불량,진행중,,5,유상
2026-02-21,CW1522,현장_015,외관파손,완료,2026-02-23,2,무상
2026-02-21,RB1536,현장_037,외관파손,완료,2026-02-21,0,유상
2026-02-21,CW1520,현장_034,누수,완료,2026-02-21,0,무상
2026-02-21,CW1501,현장_027,누수,진행중,,5,유상
2026-02-21,CW1522,현장_016,작동불량,완료,2026-02-25,4,유상
2026-02-21,BF3116,현장_040,소음,완료,2026-02-24,3,유상
2026-02-21,CW1502,현장_014,외관파손,완료,2026-02-21,0,무상
2026-02-21,RB1530,현장_007,작동불량,진행중,,9,유상
2026-02-21,RB1522,현장_040,작동불량,완료,2026-02-23,2,유상
2026-02-21,WC2110,현장_035,누수,완료,2026-02-25,4,유상
2026-02-21,RB1505,현장_034,설치,완료,2026-02-21,0,무상
2026-02-21,WC2147,현장_048,설치,완료,2026-02-23,2,무상
2026-02-21,RB1530,현장_007,누수,진행중,,11,유상
2026-02-21,WC2148,현장_034,작동불량,완료,2026-02-22,1,무상
2026-02-21,CW1510,현장_031,작동불량,완료,2026-02-25,4,무상
2026-02-21,RB1530,현장_049,작동불량,진행중,,11,유상
2026-02-21,WC2119,현장_013,외관파손,완료,2026-02-21,0,유상
2026-02-21,BF3129,현장_007,설치,진행중,,5,유상
2026-02-21,RB1530,현장_026,외관파손,진행중,,8,유상
2026-02-21,WC2137,현장_017,누수,완료,2026-02-22,1,무상
2026-02-21,RB1530,현장_050,작동불량,진행중,,11,무상
2026-02-21,RB1501,△△개발,작동불량,완료,2026-02-25,4,유상
2026-02-21,RB1506,현장_016,소음,완료,2026-02-25,4,유상
2026-02-21,RB1535,현장_006,작동불량,완료,2026-02-24,3,무상
2026-02-21,RB1530,현장_043,누수,진행중,,8,유상
2026-02-21,BF3129,☆☆파트너스,설치,완료,2026-02-24,3,유상
2026-02-21,CW1530,△△개발 주식회사,누수,완료,2026-02-21,0,유상
2026-02-21,WC2108,현장_049,작동불량,완료,2026-02-22,1,유상
2026-02-21,RB1503,현장_013,외관파손,진행중,,5,유상
2026-02-21,RB1530,현장_030,누수,진행중,,10,유상
2026-02-22,CW1518,현장_036,작동불량,완료,2026-02-23,1,유상
2026-02-22,WC2149-N,현장_026,작동불량,완료,2026-02-22,0,무상
2026-02-22,RB1516,현장_047,작동불량,진행중,,5,유상
2026-02-22,BF3129,◇◇하우징(주),소음,완료,2026-02-25,3,유상
2026-02-22,BF3119,현장_033,누수,완료,2026-02-24,2,무상
2026-02-22,BF3103,현장_045,누수,완료,2026-02-24,2,유상
2026-02-22,RB1530,현장_010,누수,진행중,,8,유상
2026-02-22,WC2124,현장_008,소음,완료,2026-02-26,4,무상
2026-02-22,RB1530,현장_043,누수,진행중,,9,유상
2026-02-22,WC2106,현장_030,누수,완료,2026-02-24,2,유상
2026-02-22,RB1529,현장_044,누수,완료,2026-02-24,2,무상
2026-02-22,RB1530,현장_043,외관파손,진행중,,11,유상
2026-02-22,RB1530,현장_035,설치,진행중,,10,무상
2026-02-22,RB1530,현장_017,외관파손,진행중,,7,무상
2026-02-22,RB1530,현장_044,누수,진행중,,7,무상
2026-02-22,RB1529,현장_037,소음,완료,2026-02-23,1,유상
2026-02-23,WC2103,현장_035,외관파손,완료,2026-02-24,1,유상
2026-02-23,RB1530,현장_013,설치,진행중,,9,유상
2026-02-23,CW1506,현장_047,작동불량,완료,2026-02-23,0,유상
2026-02-23,CW1511,현장_033,설치,완료,2026-02-26,3,유상
2026-02-23,RB1530,현장_030,작동불량,진행중,,8,유상
2026-02-23,BF3130,현장_032,누수,완료,2026-02-26,3,무상
2026-02-23,WC2122,현장_029,외관파손,완료,2026-02-25,2,유상
2026-02-23,RB1532,현장_048,누수,완료,2026-02-26,3,유상
2026-02-23,BF3124,현장_028,설치,진행중,,5,무상
2026-02-23,RB1530,현장_025,작동불량,진행중,,10,무상
2026-02-23,RB1530,현장_038,작동불량,진행중,,7,유상
2026-02-23,RB1530,현장_008,소음,진행중,,11,무상
2026-02-23,RB1530,◇◇하우징,소음,진행중,,9,유상
2026-02-23,CW1518,현장_018,외관파손,완료,2026-02-24,1,유상
2026-02-23,BF3101,현장_006,작동불량,완료,2026-02-26,3,유상
2026-02-23,RB1515,○○건설(주),작동불량,완료,2026-02-27,4,무상
2026-02-23,RB1530,현장_034,외관파손,진행중,,11,유상
2026-02-23,RB1520,현장_019,외관파손,완료,2026-02-25,2,유상
2026-02-23,CW1508,◇◇하우징(주),외관파손,완료,2026-02-26,3,유상
2026-02-23,RB1530,현장_034,누수,진행중,,10,유상
2026-02-23,RB1530,현장_021,외관파손,진행중,,7,무상
2026-02-24,CW1507,현장_045,작동불량,완료,2026-02-25,1,무상
2026-02-24,RB1530,현장_014,외관파손,진행중,,7,무상
2026-02-24,WC2101,현장_030,누수,진행중,,5,유상
2026-02-24,WC2117,○○건설(주),작동불량,완료,2026-02-28,4,무상
2026-02-24,RB1530,현장_043,소음,진행중,,10,무상
2026-02-24,RB1516,○○건설(주),누수,완료,2026-02-25,1,유상
2026-02-24,WC2111,현장_014,외관파손,진행중,,5,무상
2026-02-24,RB1516,현장_016,작동불량,진행중,,5,유상
2026-02-24,BF3104,현장_040,설치,진행중,,5,유상
2026-02-24,WC2116,현장_048,소음,진행중,,5,유상
2026-02-24,RB1530,현장_035,외관파손,진행중,,7,유상
2026-02-24,RB1530,현장_046,작동불량,진행중,,8,유상
2026-02-24,CW1508,현장_009,소음,완료,2026-02-27,3,무상
2026-02-24,RB1530,현장_014,작동불량,진행중,,9,무상
2026-02-24,RB1536,□□건축,소음,진행중,,5,무상
2026-02-24,CW1507,현장_035,누수,완료,2026-02-24,0,유상
2026-02-24,WC2114-N,현장_021,외관파손,완료,2026-02-24,0,무상
2026-02-24,RB1530,현장_030,소음,진행중,,10,무상
2026-02-24,RB1530,현장_036,누수,진행중,,8,무상
2026-02-24,BF3105,☆☆파트너스(주),누수,완료,2026-02-25,1,무상
2026-02-24,CW1518,현장_029,누수,완료,2026-02-25,1,무상
2026-02-24,WC2124,현장_046,작동불량,완료,2026-02-28,4,유상
2026-02-24,WC2111,현장_016,외관파손,완료,2026-02-25,1,유상
2026-02-24,WC2128-N,현장_019,설치,완료,2026-02-27,3,유상
2026-02-24,RB1530,현장_049,작동불량,진행중,,7,무상
2026-02-24,BF3103,현장_033,설치,완료,2026-02-27,3,유상
2026-02-25,RB1537,현장_029,누수,완료,2026-02-28,3,유상
2026-02-25,RB1530,현장_018,누수,진행중,,7,무상
2026-02-25,WC2116,☆☆파트너스,소음,완료,2026-02-28,3,유상
2026-02-25,CW1510,현장_015,외관파손,완료,2026-02-25,0,유상
2026-02-25,RB1530,현장_036,소음,진행중,,9,유상
2026-02-25,RB1530,☆☆파트너스(주),외관파손,진행중,,10,유상
2026-02-25,RB1530,현장_039,외관파손,진행중,,10,유상
2026-02-25,CW1523,◇◇하우징(주),외관파손,진행중,,5,무상
2026-02-25,RB1530,현장_042,작동불량,진행중,,9,유상
2026-02-25,RB1530,현장_029,외관파손,진행중,,8,무상
2026-02-25,RB1530,현장_034,외관파손,진행중,,7,유상
2026-02-25,RB1530,현장_036,소음,진행중,,11,무상
2026-02-25,WC2123,현장_019,설치,완료,2026-02-28,3,무상
2026-02-25,RB1530,현장_039,외관파손,진행중,,9,유상
2026-02-25,BF3111,현장_024,작동불량,진행중,,5,유상
2026-02-25,RB1530,현장_012,설치,진행중,,9,유상
2026-02-26,RB1516,현장_030,소음,진행중,,5,무상
2026-02-26,BF3122,현장_006,소음,완료,2026-02-27,1,유상
2026-02-26,RB1526,현장_024,작동불량,완료,2026-02-28,2,무상
2026-02-26,WC2115,현장_013,누수,완료,2026-03-01,3,유상
2026-02-26,WC2142-N,현장_039,누수,진행중,,5,유상
2026-02-26,BF3127,현장_042,소음,완료,2026-03-01,3,무상
2026-02-26,RB1529,현장_047,소음,완료,2026-02-28,2,유상
2026-02-26,CW1520,현장_024,설치,완료,2026-02-26,0,무상
2026-02-26,RB1504,현장_031,설치,완료,2026-02-26,0,무상
2026-02-26,WC2140,현장_039,작동불량,완료,2026-03-01,3,무상
2026-02-26,BF3113,현장_028,외관파손,완료,2026-02-27,1,유상
2026-02-26,WC2123,현장_014,설치,진행중,,9,무상
2026-02-26,WC2141,현장_038,설치,완료,2026-02-28,2,무상
2026-02-26,BF3129,현장_020,외관파손,완료,2026-03-02,4,무상
2026-02-26,RB1511,현장_033,작동불량,완료,2026-02-26,0,유상
2026-02-26,RB1506,현장_028,설치,완료,2026-02-26,0,유상
2026-02-27,BF3128,△△개발,누수,완료,2026-03-01,2,유상
2026-02-27,WC2144,현장_038,외관파손,완료,2026-03-02,3,유상
2026-02-27,RB1529,현장_019,외관파손,진행중,,5,유상
2026-02-27,RB1503,○○建設,설치,완료,2026-03-02,3,무상
2026-02-27,CW1530,현장_045,누수,진행중,,5,유상
2026-02-27,WC2114-N,현장_027,누수,완료,2026-03-01,2,유상
2026-02-27,WC2117,현장_039,외관파손,완료,2026-02-27,0,무상
2026-02-27,RB1513,◇◇하우징(주),설치,완료,2026-02-27,0,유상
2026-02-27,WC2115,○○建設,외관파손,완료,2026-02-27,0,유상
2026-02-27,BF3107,현장_037,누수,진행중,,5,유상
2026-02-27,RB1518,현장_036,작동불량,완료,2026-02-28,1,유상
2026-02-27,RB1522,현장_019,외관파손,완료,2026-03-03,4,유상
2026-02-27,CW1520,현장_015,외관파손,완료,2026-03-02,3,무상
2026-02-27,BF3114,현장_043,설치,완료,2026-03-02,3,유상
2026-02-27,RB1539,현장_042,작동불량,완료,2026-02-28,1,유상
2026-02-27,CW1524,현장_019,소음,완료,2026-03-02,3,유상
2026-02-27,RB1512,현장_047,작동불량,완료,2026-03-02,3,유상
2026-02-27,CW1519,현장_024,설치,완료,2026-02-28,1,무상
2026-02-27,WC2144,△△개발(주),누수,완료,2026-02-28,1,무상
2026-02-27,RB1513,현장_022,외관파손,완료,2026-03-02,3,유상
2026-02-28,RB1538,현장_009,소음,완료,2026-02-28,0,무상
2026-02-28,CW1501,현장_008,소음,진행중,,5,무상
2026-02-28,RB1512,☆☆파트너스(주),작동불량,완료,2026-03-01,1,무상
2026-02-28,BF3108,현장_042,소음,완료,2026-03-04,4,무상
2026-02-28,RB1525,현장_007,작동불량,완료,2026-03-02,2,유상
2026-02-28,BF3129,현장_023,설치,완료,2026-03-02,2,무상
2026-02-28,BF3127,☆☆파트너스(주),외관파손,완료,2026-03-02,2,무상
2026-02-28,BF3121,현장_048,누수,완료,2026-03-01,1,유상
2026-02-28,WC2103,현장_013,설치,진행중,,5,무상
2026-02-28,BF3116,현장_036,소음,완료,2026-03-04,4,무상
2026-02-28,WC2115,현장_024,설치,진행중,,5,무상
2026-02-28,CW1527,현장_047,설치,완료,2026-03-03,3,무상
2026-02-28,RB1506,현장_034,작동불량,완료,2026-03-03,3,무상
2026-02-28,WC2125,◇◇하우징,소음,완료,2026-03-01,1,유상
2026-02-28,BF3121,현장_028,외관파손,완료,2026-03-02,2,유상
2026-02-28,WC2109,현장_014,누수,완료,2026-03-01,1,유상
2026-02-28,CW1508,현장_046,소음,완료,2026-03-01,1,유상
2026-02-28,RB1522,현장_009,외관파손,완료,2026-02-28,0,무상
2026-02-28,WC2104,현장_022,누수,진행중,,5,유상
2026-02-28,RB1510,현장_045,작동불량,완료,2026-03-02,2,유상
2026-02-28,WC2108,☆☆파트너스(주),소음,완료,2026-03-03,3,무상
2026-02-28,RB1519,□□건축,설치,완료,2026-02-28,0,유상
2026-02-28,RB1517,현장_027,외관파손,완료,2026-03-01,1,유상
2026-02-28,CW1520,현장_042,외관파손,완료,2026-03-03,3,무상
2026-02-28,WC2138,현장_036,누수,완료,2026-02-28,0,무상
2026-02-28,BF3124,현장_017,누수,완료,2026-03-02,2,무상
2026-02-28,CW1521,현장_046,외관파손,완료,2026-03-02,2,유상
2026-03-01,RB1527,현장_043,설치,완료,2026-03-04,3,유상
2026-03-01,BF3105,현장_006,작동불량,완료,2026-03-01,0,유상
2026-03-01,WC2118,현장_049,설치,완료,2026-03-01,0,무상
2026-03-01,RB1514,현장_021,외관파손,완료,2026-03-04,3,무상
2026-03-01,RB1505,현장_043,외관파손,완료,2026-03-04,3,유상
2026-03-01,WC2145,현장_039,누수,진행중,,5,유상
2026-03-01,RB1521,현장_041,소음,진행중,,7,무상
2026-03-01,BF3115,현장_029,외관파손,완료,2026-03-05,4,유상
2026-03-01,CW1504,현장_006,설치,완료,2026-03-03,2,유상
2026-03-01,CW1508,현장_009,누수,완료,2026-03-04,3,무상
2026-03-01,RB1510,현장_041,외관파손,완료,2026-03-02,1,유상
2026-03-01,RB1534,현장_045,누수,완료,2026-03-05,4,유상
2026-03-01,RB1520,현장_031,설치,완료,2026-03-05,4,유상
2026-03-01,CW1519,현장_012,외관파손,완료,2026-03-04,3,무상
2026-03-01,WC2118,현장_009,누수,완료,2026-03-04,3,유상
2026-03-01,CW1508,현장_035,누수,완료,2026-03-04,3,무상
2026-03-01,RB1515,현장_018,소음,완료,2026-03-04,3,무상
2026-03-01,CW1516,◇◇하우징(주),외관파손,완료,2026-03-02,1,무상
2026-03-01,WC2107-N,현장_010,외관파손,진행중,,5,유상
2026-03-01,RB1525,현장_045,작동불량,완료,2026-03-02,1,유상
2026-03-01,RB1535,현장_008,소음,완료,2026-03-03,2,유상
2026-03-01,BF3125,현장_045,외관파손,완료,2026-03-01,0,유상
2026-03-01,RB1509,현장_030,작동불량,완료,2026-03-03,2,무상
2026-03-01,WC2104,현장_030,설치,완료,2026-03-02,1,무상
2026-03-01,BF3122,현장_033,외관파손,완료,2026-03-04,3,유상
2026-03-01,RB1528,현장_029,작동불량,진행중,,5,유상
2026-03-02,RB1514,현장_018,소음,진행중,,5,무상
2026-03-02,BF3119,현장_011,설치,완료,2026-03-05,3,유상
2026-03-02,WC2134,현장_048,작동불량,완료,2026-03-06,4,무상
2026-03-02,RB1537,현장_022,설치,완료,2026-03-05,3,유상
2026-03-02,WC2139,현장_045,소음,완료,2026-03-02,0,유상
2026-03-02,WC2109,현장_026,외관파손,완료,2026-03-02,0,유상
2026-03-02,RB1515,현장_045,외관파손,진행중,,5,유상
2026-03-02,WC2109,현장_014,외관파손,완료,2026-03-05,3,무상
2026-03-02,BF3112,현장_008,설치,완료,2026-03-05,3,유상
2026-03-02,BF3119,◇◇하우징,설치,완료,2026-03-04,2,무상
2026-03-02,WC2110,현장_040,소음,완료,2026-03-03,1,무상
2026-03-02,RB1532,현장_014,외관파손,완료,2026-03-06,4,유상
2026-03-02,WC2134,현장_006,외관파손,완료,2026-03-03,1,무상
2026-03-02,BF3105,현장_042,외관파손,완료,2026-03-03,1,유상
2026-03-02,WC2119,현장_015,누수,완료,2026-03-02,0,유상
2026-03-02,WC2130,현장_043,외관파손,진행중,,5,무상
2026-03-02,WC2101,현장_007,소음,완료,2026-03-02,0,유상
2026-03-02,WC2131,현장_039,누수,완료,2026-03-03,1,유상
2026-03-02,CW1502,현장_006,외관파손,완료,2026-03-05,3,유상
2026-03-02,CW1525,현장_016,작동불량,완료,2026-03-02,0,무상
2026-03-02,RB1538,현장_034,설치,완료,2026-03-02,0,유상
2026-03-02,WC2141,현장_009,설치,완료,2026-03-04,2,무상
2026-03-03,WC2108,현장_016,소음,완료,2026-03-07,4,유상
2026-03-03,CW1524,현장_015,작동불량,진행중,,10,유상
2026-03-03,BF3102,현장_023,누수,진행중,,5,유상
2026-03-03,RB1533,현장_041,외관파손,완료,2026-03-07,4,유상
2026-03-03,CW1518,현장_023,소음,완료,2026-03-05,2,유상
2026-03-03,RB1516,현장_013,설치,완료,2026-03-05,2,유상
2026-03-03,CW1503,현장_011,설치,완료,2026-03-04,1,무상
2026-03-03,RB1527,현장_007,작동불량,진행중,,5,유상
2026-03-03,RB1528,현장_045,작동불량,완료,2026-03-06,3,무상
2026-03-03,WC2126,현장_020,누수,완료,2026-03-05,2,유상
2026-03-03,WC2143,현장_034,소음,완료,2026-03-05,2,유상
2026-03-03,CW1510,☆☆파트너스,작동불량,진행중,,5,무상
2026-03-03,WC2115,현장_040,작동불량,완료,2026-03-06,3,유상
2026-03-03,RB1504,현장_036,작동불량,완료,2026-03-07,4,유상
2026-03-03,CW1507,현장_020,누수,완료,2026-03-03,0,무상
2026-03-04,WC2150,○○건설(주),누수,진행중,,5,유상
2026-03-04,CW1526,현장_033,설치,완료,2026-03-04,0,유상
2026-03-04,WC2139,현장_011,소음,완료,2026-03-05,1,유상
2026-03-04,BF3104,현장_043,작동불량,완료,2026-03-08,4,유상
2026-03-04,CW1510,현장_013,누수,진행중,,5,유상
2026-03-04,BF3102,현장_030,외관파손,완료,2026-03-06,2,유상
2026-03-04,WC2103,현장_040,소음,완료,2026-03-06,2,유상
2026-03-04,WC2102,현장_045,설치,완료,2026-03-06,2,무상
2026-03-04,CW1528,현장_047,설치,완료,2026-03-06,2,유상
2026-03-04,RB1540,현장_046,설치,완료,2026-03-06,2,유상
2026-03-04,WC2142-N,☆☆파트너스(주),소음,완료,2026-03-06,2,유상
2026-03-04,BF3120,현장_038,누수,완료,2026-03-08,4,무상
2026-03-04,WC2105,현장_037,외관파손,완료,2026-03-07,3,유상
2026-03-04,BF3122,현장_030,누수,완료,2026-03-05,1,유상
2026-03-04,BF3121,현장_013,설치,완료,2026-03-07,3,유상
2026-03-04,CW1526,현장_006,설치,완료,2026-03-05,1,유상
2026-03-05,RB1536,현장_028,작동불량,완료,2026-03-09,4,무상
2026-03-05,CW1527,○○건설,외관파손,진행중,,5,유상
2026-03-05,CW1520,현장_044,소음,완료,2026-03-08,3,유상
2026-03-05,WC2149-N,현장_019,외관파손,완료,2026-03-05,0,무상
2026-03-05,CW1505,현장_039,작동불량,진행중,,5,유상
2026-03-05,RB1520,현장_038,누수,완료,2026-03-07,2,무상
2026-03-05,WC2124,현장_015,소음,진행중,,5,유상
2026-03-05,BF3103,현장_037,설치,완료,2026-03-05,0,무상
2026-03-05,WC2136,현장_012,설치,완료,2026-03-07,2,무상
2026-03-05,WC2119,현장_040,소음,완료,2026-03-08,3,유상
2026-03-05,CW1522,현장_008,설치,완료,2026-03-06,1,유상
2026-03-05,WC2130,◇◇하우징(주),소음,진행중,,5,무상
2026-03-05,WC2127,현장_022,작동불량,완료,2026-03-09,4,유상
2026-03-05,CW1523,현장_012,외관파손,진행중,,5,무상
2026-03-05,WC2108,현장_008,외관파손,완료,2026-03-06,1,유상
2026-03-05,CW1520,현장_021,외관파손,진행중,,5,유상
2026-03-05,WC2121-N,현장_045,외관파손,완료,2026-03-05,0,유상
2026-03-05,RB1536,현장_023,외관파손,완료,2026-03-06,1,유상
2026-03-05,WC2136,☆☆파트너스,작동불량,완료,2026-03-05,0,무상
2026-03-05,CW1521,현장_011,소음,완료,2026-03-06,1,무상
2026-03-05,RB1535,현장_047,설치,완료,2026-03-09,4,유상
2026-03-05,RB1510,현장_015,외관파손,완료,2026-03-09,4,유상
2026-03-05,BF3118,현장_029,누수,완료,2026-03-06,1,무상
2026-03-05,WC2134,현장_043,누수,완료,2026-03-05,0,유상
2026-03-05,RB1510,현장_038,소음,완료,2026-03-06,1,무상
2026-03-05,RB1530,현장_040,소음,완료,2026-03-07,2,유상
2026-03-05,RB1509,○○건설(주),소음,진행중,,5,유상
2026-03-05,CW1530,현장_017,설치,완료,2026-03-07,2,유상
2026-03-06,CW1523,현장_046,작동불량,완료,2026-03-09,3,유상
2026-03-06,RB1501,현장_034,외관파손,완료,2026-03-06,0,유상
2026-03-06,RB1504,현장_020,외관파손,완료,2026-03-10,4,유상
2026-03-06,BF3106,현장_047,외관파손,완료,2026-03-10,4,유상
2026-03-06,WC2113,현장_006,소음,완료,2026-03-08,2,유상
2026-03-06,CW1503,현장_044,누수,완료,2026-03-09,3,유상
2026-03-06,RB1524,◇◇하우징,작동불량,완료,2026-03-06,0,무상
2026-03-06,BF3118,현장_037,설치,완료,2026-03-08,2,유상
2026-03-06,BF3101,현장_012,작동불량,완료,2026-03-07,1,무상
2026-03-06,RB1512,현장_021,누수,완료,2026-03-08,2,유상
2026-03-06,RB1508,현장_010,누수,완료,2026-03-06,0,유상
2026-03-06,RB1509,현장_011,작동불량,진행중,,5,무상
2026-03-06,RB1515,◇◇하우징(주),누수,완료,2026-03-08,2,유상
2026-03-06,BF3111,현장_017,외관파손,완료,2026-03-06,0,유상
2026-03-06,BF3118,현장_037,작동불량,완료,2026-03-07,1,유상
2026-03-06,WC2121-N,현장_010,설치,완료,2026-03-10,4,무상
2026-03-06,RB1511,현장_012,외관파손,진행중,,5,무상
2026-03-06,WC2145,현장_009,소음,완료,2026-03-08,2,유상
2026-03-06,RB1503,현장_024,누수,완료,2026-03-10,4,무상
2026-03-06,BF3123,현장_007,소음,완료,2026-03-07,1,유상
2026-03-06,WC2109,현장_050,외관파손,완료,2026-03-09,3,무상
2026-03-06,WC2135-N,현장_036,설치,완료,2026-03-10,4,무상
2026-03-06,CW1504,현장_041,외관파손,완료,2026-03-08,2,무상
2026-03-06,WC2146,현장_039,소음,완료,2026-03-08,2,유상
2026-03-06,CW1522,현장_011,설치,완료,2026-03-10,4,유상
2026-03-06,CW1516,△△개발 주식회사,누수,완료,2026-03-10,4,무상
2026-03-06,WC2131,현장_017,소음,완료,2026-03-07,1,유상
2026-03-06,CW1526,현장_030,설치,완료,2026-03-09,3,유상
2026-03-06,BF3108,현장_015,외관파손,완료,2026-03-10,4,유상
2026-03-06,RB1536,현장_025,설치,완료,2026-03-06,0,유상
2026-03-07,RB1502,현장_034,작동불량,완료,2026-03-07,0,유상
2026-03-07,CW1526,현장_039,설치,완료,2026-03-07,0,유상
2026-03-07,WC2125,현장_016,작동불량,완료,2026-03-10,3,무상
2026-03-07,CW1523,현장_035,작동불량,완료,2026-03-10,3,유상
2026-03-07,RB1538,현장_020,소음,완료,2026-03-08,1,유상
2026-03-07,CW1512,◇◇하우징(주),외관파손,완료,2026-03-09,2,유상
2026-03-07,WC2133,현장_021,외관파손,진행중,,5,유상
2026-03-07,CW1529,현장_040,외관파손,완료,2026-03-09,2,유상
2026-03-07,RB1520,현장_039,작동불량,완료,2026-03-10,3,유상
2026-03-07,BF3122,현장_014,작동불량,진행중,,5,유상
2026-03-07,RB1505,현장_031,누수,완료,2026-03-10,3,유상
2026-03-07,RB1506,△△개발,외관파손,진행중,,8,유상
2026-03-07,CW1515,현장_007,외관파손,완료,2026-03-11,4,무상
2026-03-07,CW1520,현장_036,작동불량,완료,2026-03-09,2,무상
2026-03-07,RB1514,현장_009,설치,완료,2026-03-09,2,유상
2026-03-07,WC2141,현장_009,작동불량,완료,2026-03-10,3,유상
2026-03-07,BF3109,△△개발,소음,진행중,,5,유상
2026-03-08,CW1520,현장_019,설치,완료,2026-03-12,4,무상
2026-03-08,RB1503,현장_019,설치,완료,2026-03-12,4,유상
2026-03-08,WC2133,현장_013,소음,진행중,,5,유상
2026-03-08,BF3102,현장_014,설치,완료,2026-03-11,3,무상
2026-03-08,WC2119,현장_010,작동불량,완료,2026-03-12,4,무상
2026-03-08,BF3119,현장_023,외관파손,완료,2026-03-08,0,무상
2026-03-08,CW1518,현장_015,소음,완료,2026-03-10,2,무상
2026-03-08,BF3115,현장_047,소음,완료,2026-03-08,0,유상
2026-03-08,CW1529,현장_042,누수,완료,2026-03-09,1,유상
2026-03-08,WC2137,현장_014,외관파손,완료,2026-03-09,1,유상
2026-03-08,BF3116,현장_044,소음,완료,2026-03-10,2,무상
2026-03-08,CW1501,○○建設,소음,완료,2026-03-08,0,유상
2026-03-08,WC2109,현장_022,작동불량,완료,2026-03-10,2,유상
2026-03-08,WC2129,현장_020,외관파손,완료,2026-03-10,2,무상
2026-03-08,WC2109,현장_020,작동불량,진행중,,5,유상
2026-03-08,WC2128-N,현장_026,설치,진행중,,5,무상
2026-03-08,WC2150,현장_041,설치,완료,2026-03-11,3,무상
2026-03-08,WC2114-N,현장_028,소음,완료,2026-03-12,4,무상
2026-03-08,WC2115,현장_027,누수,완료,2026-03-10,2,유상
2026-03-08,RB1509,현장_036,설치,완료,2026-03-08,0,무상
2026-03-08,RB1503,현장_043,작동불량,완료,2026-03-10,2,유상
2026-03-08,WC2127,현장_037,소음,진행중,,5,무상
2026-03-08,BF3127,현장_008,소음,완료,2026-03-11,3,무상
2026-03-08,CW1516,현장_028,소음,완료,2026-03-10,2,유상
2026-03-08,CW1525,□□건축(주),소음,완료,2026-03-11,3,유상
2026-03-08,CW1511,○○建設,외관파손,완료,2026-03-08,0,무상
2026-03-08,WC2122,현장_019,누수,완료,2026-03-08,0,유상
2026-03-08,RB1520,현장_027,설치,완료,2026-03-11,3,유상
2026-03-08,BF3103,현장_030,설치,완료,2026-03-10,2,무상
2026-03-09,RB1512,현장_015,누수,완료,2026-03-11,2,유상
2026-03-09,BF3124,현장_048,누수,완료,2026-03-09,0,유상
2026-03-09,RB1526,현장_039,작동불량,진행중,,5,무상
2026-03-09,CW1509,현장_007,소음,완료,2026-03-11,2,유상
2026-03-09,RB1525,현장_020,소음,완료,2026-03-11,2,무상
2026-03-09,WC2105,현장_008,작동불량,완료,2026-03-10,1,유상
2026-03-09,RB1538,현장_022,설치,완료,2026-03-12,3,유상
2026-03-09,RB1532,○○건설,외관파손,완료,2026-03-10,1,유상
2026-03-09,RB1530,현장_006,작동불량,완료,2026-03-10,1,무상
2026-03-09,WC2111,현장_010,작동불량,완료,2026-03-11,2,유상
2026-03-09,CW1510,현장_023,설치,완료,2026-03-11,2,무상
2026-03-09,RB1510,현장_036,외관파손,완료,2026-03-13,4,유상
2026-03-09,WC2119,현장_024,외관파손,완료,2026-03-11,2,무상
2026-03-09,BF3120,현장_019,소음,완료,2026-03-11,2,유상
2026-03-09,RB1526,현장_038,누수,완료,2026-03-12,3,유상
2026-03-09,BF3113,현장_040,설치,완료,2026-03-12,3,유상
2026-03-09,RB1517,현장_040,외관파손,완료,2026-03-11,2,유상
2026-03-10,RB1514,○○건설(주),누수,완료,2026-03-14,4,무상
2026-03-10,RB1512,현장_041,외관파손,완료,2026-03-11,1,유상
2026-03-10,WC2124,☆☆파트너스(주),작동불량,완료,2026-03-10,0,무상
2026-03-10,RB1513,현장_037,소음,완료,2026-03-13,3,유상
2026-03-10,BF3118,현장_016,소음,완료,2026-03-10,0,무상
2026-03-10,CW1513,현장_013,누수,완료,2026-03-13,3,무상
2026-03-10,WC2105,현장_040,소음,진행중,,5,유상
2026-03-10,CW1508,현장_040,외관파손,완료,2026-03-14,4,무상
2026-03-10,WC2124,현장_031,설치,완료,2026-03-12,2,유상
2026-03-10,WC2139,현장_020,외관파손,완료,2026-03-11,1,무상
2026-03-10,CW1516,현장_015,작동불량,완료,2026-03-11,1,유상
2026-03-10,CW1523,현장_009,작동불량,진행중,,5,유상
2026-03-10,CW1527,현장_006,누수,완료,2026-03-14,4,무상
2026-03-10,WC2104,현장_006,외관파손,완료,2026-03-11,1,무상
2026-03-10,BF3101,현장_011,누수,완료,2026-03-14,4,무상
2026-03-10,WC2115,□□건축,소음,완료,2026-03-11,1,유상
2026-03-10,CW1510,현장_039,누수,완료,2026-03-10,0,무상
2026-03-10,RB1501,현장_030,외관파손,완료,2026-03-10,0,유상
2026-03-10,WC2130,현장_008,작동불량,완료,2026-03-12,2,무상
2026-03-10,RB1522,현장_021,소음,완료,2026-03-13,3,무상
2026-03-11,WC2150,현장_045,소음,완료,2026-03-12,1,유상
2026-03-11,RB1535,현장_019,누수,완료,2026-03-13,2,유상
2026-03-11,CW1525,현장_046,설치,완료,2026-03-14,3,유상
2026-03-11,WC2138,현장_017,누수,완료,2026-03-12,1,유상
2026-03-11,BF3123,△△개발,작동불량,완료,2026-03-15,4,유상
2026-03-11,BF3128,현장_007,외관파손,진행중,,5,유상
2026-03-11,WC2119,☆☆파트너스(주),소음,완료,2026-03-11,0,유상
2026-03-11,CW1528,현장_008,외관파손,완료,2026-03-14,3,무상
2026-03-11,WC2111,현장_048,작동불량,진행중,,5,유상
2026-03-11,WC2102,현장_047,누수,완료,2026-03-15,4,무상
2026-03-11,WC2122,현장_019,작동불량,진행중,,10,유상
2026-03-11,RB1527,현장_009,작동불량,완료,2026-03-13,2,무상
2026-03-11,BF3111,현장_048,소음,완료,2026-03-13,2,무상
2026-03-11,RB1513,현장_011,외관파손,완료,2026-03-14,3,유상
2026-03-11,RB1533,현장_016,누수,완료,2026-03-14,3,유상
2026-03-11,WC2145,현장_019,누수,완료,2026-03-15,4,유상
2026-03-11,RB1512,현장_042,작동불량,완료,2026-03-13,2,무상
2026-03-11,RB1522,현장_019,누수,진행중,,5,유상
2026-03-11,RB1531,현장_026,설치,완료,2026-03-12,1,유상
2026-03-11,CW1514,현장_043,누수,완료,2026-03-12,1,무상
2026-03-11,RB1536,현장_046,설치,완료,2026-03-15,4,유상
2026-03-11,CW1522,현장_043,작동불량,완료,2026-03-14,3,유상
2026-03-11,WC2140,현장_032,설치,완료,2026-03-14,3,유상
2026-03-12,WC2131,현장_027,외관파손,완료,2026-03-16,4,무상
2026-03-12,CW1513,현장_010,누수,완료,2026-03-15,3,유상
2026-03-12,BF3121,현장_030,작동불량,완료,2026-03-13,1,유상
2026-03-12,BF3110,현장_012,설치,진행중,,5,유상
2026-03-12,WC2103,현장_024,누수,완료,2026-03-13,1,무상
2026-03-12,BF3114,현장_013,작동불량,완료,2026-03-12,0,유상
2026-03-12,WC2105,현장_046,외관파손,완료,2026-03-12,0,무상
2026-03-12,BF3107,현장_040,소음,진행중,,5,유상
2026-03-12,RB1531,현장_022,소음,완료,2026-03-16,4,유상
2026-03-12,BF3123,현장_039,소음,완료,2026-03-14,2,무상
2026-03-12,WC2105,현장_018,외관파손,완료,2026-03-13,1,무상
2026-03-12,CW1522,현장_045,외관파손,완료,2026-03-13,1,무상
2026-03-12,RB1510,현장_011,소음,진행중,,5,유상
2026-03-12,RB1501,현장_033,작동불량,완료,2026-03-12,0,무상
2026-03-12,WC2132,현장_011,소음,진행중,,5,무상
2026-03-12,BF3101,현장_028,누수,진행중,,5,무상
2026-03-12,CW1526,현장_039,누수,진행중,,5,유상
2026-03-12,WC2130,현장_034,소음,완료,2026-03-12,0,무상
2026-03-12,RB1524,현장_033,작동불량,완료,2026-03-15,3,유상
2026-03-13,WC2138,현장_008,소음,완료,2026-03-13,0,유상
2026-03-13,BF3116,현장_011,누수,진행중,,5,무상
2026-03-13,BF3123,현장_009,소음,완료,2026-03-17,4,유상
2026-03-13,RB1531,현장_026,외관파손,완료,2026-03-17,4,유상
2026-03-13,RB1526,현장_037,작동불량,완료,2026-03-13,0,유상
2026-03-13,WC2105,현장_016,설치,완료,2026-03-14,1,무상
2026-03-13,RB1517,현장_010,외관파손,완료,2026-03-15,2,유상
2026-03-13,RB1530,현장_022,누수,완료,2026-03-17,4,무상
2026-03-13,RB1540,현장_031,외관파손,진행중,,5,유상
2026-03-13,BF3124,현장_020,작동불량,완료,2026-03-13,0,유상
2026-03-13,CW1520,현장_043,작동불량,완료,2026-03-14,1,유상
2026-03-13,CW1523,현장_034,작동불량,완료,2026-03-14,1,무상
2026-03-13,RB1540,현장_017,외관파손,완료,2026-03-16,3,유상
2026-03-13,CW1509,현장_017,소음,완료,2026-03-13,0,무상
2026-03-13,CW1509,현장_032,외관파손,완료,2026-03-15,2,무상
2026-03-13,RB1518,현장_011,작동불량,완료,2026-03-13,0,무상
2026-03-13,WC2148,△△개발(주),누수,완료,2026-03-17,4,무상
2026-03-13,WC2123,현장_017,설치,완료,2026-03-13,0,유상
2026-03-13,WC2105,현장_045,소음,완료,2026-03-17,4,무상
2026-03-13,BF3124,현장_020,누수,진행중,,5,유상
2026-03-13,RB1518,현장_029,누수,완료,2026-03-13,0,유상
2026-03-13,BF3115,현장_019,설치,완료,2026-03-15,2,무상
2026-03-13,WC2147,현장_016,소음,완료,2026-03-13,0,무상
2026-03-13,WC2117,현장_042,소음,완료,2026-03-17,4,무상
2026-03-13,BF3120,현장_028,소음,완료,2026-03-16,3,무상
2026-03-13,RB1521,현장_032,누수,완료,2026-03-14,1,무상
2026-03-13,CW1518,현장_040,외관파손,완료,2026-03-17,4,무상
2026-03-13,CW1526,현장_033,소음,완료,2026-03-16,3,무상
2026-03-14,BF3128,현장_036,작동불량,완료,2026-03-18,4,유상
2026-03-14,RB1533,현장_042,설치,완료,2026-03-14,0,유상
2026-03-14,RB1539,현장_031,누수,완료,2026-03-15,1,무상
2026-03-14,WC2140,☆☆파트너스,설치,진행중,,5,유상
2026-03-14,CW1518,◇◇하우징,설치,완료,2026-03-15,1,유상
2026-03-14,RB1522,현장_034,소음,완료,2026-03-15,1,무상
2026-03-14,RB1517,현장_036,작동불량,완료,2026-03-14,0,유상
2026-03-14,RB1509,현장_039,소음,완료,2026-03-14,0,무상
2026-03-14,BF3120,☆☆파트너스(주),설치,완료,2026-03-18,4,유상
2026-03-14,RB1512,현장_041,누수,완료,2026-03-14,0,유상
2026-03-14,BF3119,☆☆파트너스(주),설치,완료,2026-03-16,2,무상
2026-03-14,CW1522,현장_026,작동불량,완료,2026-03-16,2,유상
2026-03-14,CW1503,현장_050,소음,완료,2026-03-18,4,유상
2026-03-14,WC2131,현장_049,설치,완료,2026-03-17,3,무상
2026-03-14,WC2125,현장_031,외관파손,완료,2026-03-16,2,유상
2026-03-14,WC2121-N,현장_045,외관파손,완료,2026-03-17,3,유상
2026-03-14,RB1522,현장_009,설치,완료,2026-03-18,4,무상
2026-03-14,WC2103,현장_044,누수,완료,2026-03-16,2,유상
2026-03-14,WC2102,현장_035,소음,진행중,,5,유상
2026-03-14,WC2117,현장_025,작동불량,완료,2026-03-17,3,유상
2026-03-14,WC2125,현장_039,외관파손,완료,2026-03-14,0,무상
2026-03-15,RB1505,현장_018,외관파손,완료,2026-03-19,4,무상
2026-03-15,WC2134,현장_006,누수,진행중,,10,무상
2026-03-15,CW1519,현장_015,외관파손,완료,2026-03-19,4,유상
2026-03-15,WC2134,현장_011,소음,완료,2026-03-16,1,유상
2026-03-15,RB1538,현장_016,누수,완료,2026-03-19,4,무상
2026-03-15,CW1512,현장_017,작동불량,완료,2026-03-16,1,유상
2026-03-15,BF3112,현장_030,외관파손,완료,2026-03-17,2,무상
2026-03-15,WC2124,현장_045,설치,완료,2026-03-16,1,유상
2026-03-15,BF3126,현장_036,누수,완료,2026-03-16,1,무상
2026-03-15,CW1507,현장_016,작동불량,완료,2026-03-18,3,유상
2026-03-15,RB1511,현장_011,소음,완료,2026-03-17,2,유상
2026-03-15,BF3116,현장_038,설치,완료,2026-03-16,1,유상
2026-03-15,WC2122,현장_014,외관파손,진행중,,5,유상
2026-03-15,BF3120,현장_031,소음,진행중,,5,무상
2026-03-15,RB1512,현장_033,작동불량,진행중,,5,유상
2026-03-15,RB1510,현장_045,설치,진행중,,5,무상
2026-03-15,BF3117,☆☆파트너스(주),누수,완료,2026-03-17,2,무상
2026-03-15,WC2135-N,현장_024,외관파손,진행중,,5,무상
2026-03-15,WC2137,현장_008,소음,완료,2026-03-17,2,무상
2026-03-15,BF3130,현장_026,외관파손,완료,2026-03-19,4,유상
2026-03-15,WC2105,◇◇하우징(주),소음,완료,2026-03-18,3,유상
2026-03-15,BF3121,○○建設,누수,진행중,,5,유상
2026-03-15,WC2105,현장_043,누수,진행중,,5,유상
2026-03-15,RB1538,현장_018,소음,완료,2026-03-18,3,유상
2026-03-15,WC2110,현장_028,설치,진행중,,5,유상
2026-03-15,BF3103,○○建設,누수,완료,2026-03-19,4,유상
2026-03-15,WC2126,현장_030,누수,완료,2026-03-17,2,유상
2026-03-15,WC2103,현장_024,작동불량,완료,2026-03-19,4,유상
2026-03-15,RB1527,현장_018,소음,완료,2026-03-19,4,무상
2026-03-15,CW1512,현장_006,설치,완료,2026-03-16,1,무상
2026-03-16,RB1516,△△개발 주식회사,설치,완료,2026-03-19,3,무상
2026-03-16,BF3119,현장_050,외관파손,진행중,,5,무상
2026-03-16,WC2107-N,현장_016,작동불량,진행중,,5,무상
2026-03-16,RB1520,현장_040,누수,진행중,,5,유상
2026-03-16,WC2114-N,현장_038,설치,완료,2026-03-17,1,유상
2026-03-16,BF3126,현장_016,작동불량,완료,2026-03-17,1,무상
2026-03-16,CW1521,현장_021,작동불량,완료,2026-03-19,3,유상
2026-03-16,CW1512,◇◇하우징(주),누수,완료,2026-03-19,3,유상
2026-03-16,BF3110,현장_008,설치,완료,2026-03-20,4,유상
2026-03-16,BF3105,현장_041,소음,진행중,,5,무상
2026-03-16,BF3104,☆☆파트너스(주),누수,진행중,,9,무상
2026-03-16,WC2143,현장_029,작동불량,완료,2026-03-16,0,무상
2026-03-16,RB1529,현장_032,설치,완료,2026-03-19,3,무상
2026-03-16,BF3126,현장_046,누수,완료,2026-03-19,3,유상
2026-03-16,BF3113,현장_014,소음,진행중,,5,무상
2026-03-16,CW1524,현장_029,작동불량,완료,2026-03-18,2,유상
2026-03-16,WC2101,현장_032,외관파손,완료,2026-03-18,2,무상
2026-03-16,CW1509,현장_021,외관파손,완료,2026-03-18,2,유상
2026-03-16,RB1525,현장_042,누수,완료,2026-03-20,4,유상
2026-03-16,WC2147,현장_008,소음,완료,2026-03-16,0,무상
2026-03-16,CW1529,현장_023,외관파손,완료,2026-03-19,3,무상
2026-03-17,CW1505,현장_022,작동불량,완료,2026-03-20,3,유상
2026-03-17,RB1539,현장_035,설치,진행중,,5,유상
2026-03-17,WC2113,현장_030,외관파손,진행중,,5,무상
2026-03-17,BF3105,현장_035,설치,완료,2026-03-17,0,무상
2026-03-17,WC2133,현장_036,설치,완료,2026-03-20,3,무상
2026-03-17,WC2108,현장_011,외관파손,완료,2026-03-19,2,무상
2026-03-17,WC2142-N,현장_008,외관파손,완료,2026-03-19,2,유상
2026-03-17,RB1508,현장_050,소음,진행중,,5,유상
2026-03-17,WC2110,현장_007,소음,진행중,,5,유상
2026-03-17,WC2124,현장_042,작동불량,완료,2026-03-17,0,유상
2026-03-17,CW1520,현장_049,설치,완료,2026-03-18,1,무상
2026-03-17,WC2143,현장_011,외관파손,완료,2026-03-20,3,무상
2026-03-17,CW1515,현장_041,작동불량,완료,2026-03-19,2,무상
2026-03-17,RB1518,현장_035,소음,완료,2026-03-17,0,유상
2026-03-17,BF3116,현장_042,누수,완료,2026-03-17,0,무상
2026-03-17,WC2104,현장_029,외관파손,완료,2026-03-21,4,무상
2026-03-17,RB1504,☆☆파트너스,소음,완료,2026-03-19,2,유상
2026-03-17,WC2137,현장_032,외관파손,완료,2026-03-18,1,무상
2026-03-17,WC2116,현장_025,소음,완료,2026-03-20,3,유상
2026-03-17,WC2107-N,현장_046,누수,진행중,,5,유상
2026-03-17,CW1519,현장_025,설치,완료,2026-03-18,1,유상
2026-03-17,WC2102,현장_027,외관파손,완료,2026-03-18,1,무상
2026-03-17,BF3109,현장_016,작동불량,진행중,,5,무상
2026-03-17,RB1505,현장_024,설치,완료,2026-03-19,2,무상
2026-03-17,RB1530,◇◇하우징,누수,완료,2026-03-17,0,유상
2026-03-17,BF3126,현장_035,설치,완료,2026-03-21,4,무상
2026-03-18,CW1526,현장_045,작동불량,완료,2026-03-21,3,유상
2026-03-18,RB1516,현장_040,설치,완료,2026-03-19,1,무상
2026-03-18,RB1501,△△개발(주),외관파손,완료,2026-03-20,2,유상
2026-03-18,RB1533,△△개발(주),누수,완료,2026-03-22,4,유상
2026-03-18,WC2140,현장_026,외관파손,완료,2026-03-21,3,유상
2026-03-18,RB1513,☆☆파트너스(주),외관파손,완료,2026-03-18,0,유상
2026-03-18,CW1527,현장_025,누수,완료,2026-03-22,4,유상
2026-03-18,WC2150,현장_032,외관파손,완료,2026-03-22,4,유상
2026-03-18,RB1514,현장_028,누수,완료,2026-03-18,0,유상
2026-03-18,BF3124,현장_045,외관파손,완료,2026-03-21,3,무상
2026-03-18,RB1521,현장_029,누수,완료,2026-03-20,2,유상
2026-03-18,WC2115,현장_029,누수,완료,2026-03-20,2,유상
2026-03-18,RB1511,현장_037,설치,완료,2026-03-20,2,유상
2026-03-18,CW1503,현장_018,외관파손,완료,2026-03-21,3,무상
2026-03-18,BF3103,현장_028,누수,완료,2026-03-20,2,유상
2026-03-18,WC2107-N,현장_046,소음,완료,2026-03-21,3,무상
2026-03-18,BF3120,현장_042,소음,완료,2026-03-22,4,유상
2026-03-18,WC2114-N,현장_021,외관파손,완료,2026-03-22,4,무상
2026-03-18,BF3107,현장_010,작동불량,완료,2026-03-21,3,유상
2026-03-18,CW1512,현장_024,설치,진행중,,5,유상
2026-03-18,WC2140,현장_025,누수,완료,2026-03-19,1,무상
2026-03-19,RB1513,현장_044,소음,완료,2026-03-21,2,무상
2026-03-19,BF3114,현장_012,외관파손,진행중,,5,유상
2026-03-19,BF3128,현장_023,설치,완료,2026-03-20,1,무상
2026-03-19,RB1517,현장_033,외관파손,완료,2026-03-19,0,무상
2026-03-19,WC2150,현장_013,소음,완료,2026-03-23,4,무상
2026-03-19,WC2125,현장_029,설치,완료,2026-03-20,1,유상
2026-03-19,RB1535,현장_019,설치,완료,2026-03-23,4,유상
2026-03-19,WC2120,현장_018,설치,완료,2026-03-20,1,유상
2026-03-19,RB1507,현장_024,작동불량,완료,2026-03-20,1,유상
2026-03-19,BF3121,현장_047,소음,진행중,,5,무상
2026-03-19,RB1538,현장_036,외관파손,완료,2026-03-22,3,무상
2026-03-19,CW1512,현장_008,설치,진행중,,7,유상
2026-03-19,WC2129,현장_011,누수,완료,2026-03-22,3,무상
2026-03-19,WC2101,현장_027,설치,진행중,,5,유상
2026-03-19,RB1535,현장_047,설치,완료,2026-03-23,4,무상
2026-03-19,WC2115,현장_006,설치,완료,2026-03-22,3,유상
2026-03-19,RB1521,현장_046,소음,완료,2026-03-21,2,유상
2026-03-19,BF3124,현장_009,누수,완료,2026-03-20,1,무상
2026-03-19,CW1521,현장_041,누수,완료,2026-03-19,0,유상
2026-03-19,WC2108,현장_008,소음,완료,2026-03-22,3,무상
2026-03-19,RB1521,현장_035,작동불량,완료,2026-03-20,1,유상
2026-03-19,RB1536,현장_015,작동불량,완료,2026-03-19,0,유상
2026-03-19,RB1516,현장_045,외관파손,완료,2026-03-22,3,유상
2026-03-19,WC2126,현장_029,외관파손,진행중,,5,유상
2026-03-19,CW1524,현장_040,외관파손,완료,2026-03-20,1,유상
2026-03-19,WC2115,현장_031,작동불량,진행중,,5,유상
2026-03-19,CW1515,◇◇하우징,설치,완료,2026-03-19,0,무상
2026-03-19,CW1516,현장_044,설치,완료,2026-03-19,0,유상
2026-03-19,WC2148,현장_021,설치,완료,2026-03-19,0,유상
2026-03-19,WC2107-N,현장_045,설치,완료,2026-03-19,0,무상
2026-03-20,WC2136,현장_046,설치,완료,2026-03-24,4,유상
2026-03-20,WC2135-N,현장_015,작동불량,완료,2026-03-21,1,유상
2026-03-20,WC2125,현장_023,외관파손,완료,2026-03-20,0,유상
2026-03-20,BF3127,현장_042,외관파손,완료,2026-03-22,2,유상
2026-03-20,CW1510,현장_039,외관파손,완료,2026-03-20,0,무상
2026-03-20,WC2122,현장_018,설치,완료,2026-03-20,0,유상
2026-03-20,BF3101,현장_043,소음,완료,2026-03-20,0,유상
2026-03-20,BF3112,현장_039,설치,완료,2026-03-22,2,무상
2026-03-20,BF3118,현장_031,소음,완료,2026-03-23,3,무상
2026-03-20,BF3130,현장_039,누수,완료,2026-03-20,0,무상
2026-03-20,WC2107-N,현장_020,설치,완료,2026-03-23,3,유상
2026-03-20,CW1504,현장_010,작동불량,완료,2026-03-24,4,유상
2026-03-20,BF3102,□□건축,설치,완료,2026-03-24,4,유상
2026-03-20,RB1508,현장_023,소음,완료,2026-03-22,2,무상
2026-03-20,CW1523,현장_022,작동불량,완료,2026-03-21,1,유상
2026-03-20,BF3121,현장_021,설치,완료,2026-03-20,0,유상
2026-03-20,BF3112,현장_024,외관파손,완료,2026-03-24,4,유상
2026-03-20,CW1518,□□건축,소음,완료,2026-03-22,2,유상
2026-03-20,CW1505,현장_009,소음,완료,2026-03-20,0,유상
2026-03-20,WC2146,현장_015,소음,완료,2026-03-24,4,무상
2026-03-20,RB1513,현장_021,누수,완료,2026-03-20,0,무상
2026-03-21,RB1519,현장_050,작동불량,완료,2026-03-21,0,유상
2026-03-21,WC2144,현장_045,누수,완료,2026-03-25,4,무상
2026-03-21,RB1519,현장_008,외관파손,진행중,,5,유상
2026-03-21,CW1527,현장_007,작동불량,완료,2026-03-21,0,유상
2026-03-21,BF3112,□□건축(주),설치,완료,2026-03-23,2,무상
2026-03-21,RB1531,현장_016,설치,완료,2026-03-21,0,유상
2026-03-21,BF3124,현장_039,소음,완료,2026-03-21,0,유상
2026-03-21,BF3101,현장_011,누수,완료,2026-03-23,2,유상
2026-03-21,WC2105,현장_030,누수,진행중,,5,무상
2026-03-21,WC2102,현장_041,작동불량,완료,2026-03-21,0,무상
2026-03-21,WC2130,현장_050,외관파손,완료,2026-03-25,4,무상
2026-03-21,RB1526,현장_032,작동불량,진행중,,5,무상
2026-03-21,BF3107,현장_039,작동불량,완료,2026-03-21,0,유상
2026-03-21,WC2109,현장_008,작동불량,완료,2026-03-23,2,무상
2026-03-21,CW1505,현장_019,작동불량,완료,2026-03-22,1,유상
2026-03-21,CW1518,현장_008,작동불량,완료,2026-03-24,3,유상
2026-03-21,RB1536,현장_030,설치,완료,2026-03-24,3,유상
2026-03-21,WC2134,현장_007,소음,완료,2026-03-24,3,유상
2026-03-21,CW1514,현장_026,소음,완료,2026-03-24,3,무상
2026-03-21,RB1536,현장_037,누수,진행중,,5,유상
2026-03-21,BF3115,현장_031,소음,완료,2026-03-23,2,유상
2026-03-21,WC2109,현장_032,작동불량,완료,2026-03-22,1,무상
2026-03-21,WC2118,현장_038,작동불량,완료,2026-03-21,0,무상
2026-03-21,RB1531,현장_022,설치,완료,2026-03-24,3,유상
2026-03-21,RB1540,현장_025,소음,완료,2026-03-25,4,무상
2026-03-21,RB1536,현장_007,외관파손,완료,2026-03-25,4,무상
2026-03-21,WC2142-N,현장_032,작동불량,완료,2026-03-24,3,유상
2026-03-21,WC2103,현장_032,소음,완료,2026-03-25,4,유상
2026-03-22,CW1518,현장_026,설치,완료,2026-03-23,1,유상
2026-03-22,BF3105,현장_011,외관파손,완료,2026-03-23,1,무상
2026-03-22,CW1506,△△개발,누수,진행중,,5,무상
2026-03-22,WC2134,현장_006,작동불량,완료,2026-03-23,1,무상
2026-03-22,RB1511,현장_023,설치,완료,2026-03-23,1,유상
2026-03-22,RB1521,△△개발 주식회사,설치,완료,2026-03-25,3,무상
2026-03-22,BF3118,현장_043,작동불량,완료,2026-03-23,1,유상
2026-03-22,BF3130,현장_022,설치,완료,2026-03-23,1,무상
2026-03-22,RB1517,현장_036,누수,완료,2026-03-22,0,유상
2026-03-22,BF3125,현장_048,작동불량,완료,2026-03-23,1,유상
2026-03-22,CW1504,현장_032,외관파손,진행중,,5,무상
2026-03-22,RB1503,현장_042,작동불량,완료,2026-03-25,3,무상
2026-03-22,CW1525,현장_040,외관파손,완료,2026-03-24,2,유상
2026-03-22,RB1510,현장_022,작동불량,진행중,,8,무상
2026-03-22,BF3118,현장_031,누수,완료,2026-03-26,4,무상
2026-03-22,WC2136,현장_007,외관파손,완료,2026-03-25,3,유상
2026-03-22,CW1502,현장_031,외관파손,완료,2026-03-23,1,유상
2026-03-22,WC2147,현장_041,소음,완료,2026-03-26,4,유상
2026-03-22,WC2106,현장_049,설치,완료,2026-03-22,0,유상
2026-03-22,CW1525,현장_041,누수,완료,2026-03-22,0,무상
2026-03-22,BF3105,현장_042,설치,완료,2026-03-26,4,무상
2026-03-22,RB1502,현장_010,작동불량,완료,2026-03-22,0,유상
2026-03-22,CW1529,현장_010,설치,완료,2026-03-23,1,유상
2026-03-22,BF3114,현장_035,누수,완료,2026-03-25,3,무상
2026-03-22,WC2150,현장_035,소음,완료,2026-03-23,1,유상
2026-03-22,WC2107-N,△△개발,누수,완료,2026-03-25,3,유상
2026-03-22,WC2148,현장_027,외관파손,진행중,,5,유상
2026-03-22,CW1505,현장_015,누수,완료,2026-03-24,2,유상
2026-03-23,WC2149-N,현장_047,누수,완료,2026-03-25,2,유상
2026-03-23,BF3118,현장_040,외관파손,완료,2026-03-23,0,무상
2026-03-23,RB1517,현장_007,누수,완료,2026-03-23,0,유상
2026-03-23,WC2125,현장_048,외관파손,진행중,,5,무상
2026-03-23,WC2113,현장_009,외관파손,완료,2026-03-26,3,유상
2026-03-23,BF3122,현장_045,외관파손,완료,2026-03-23,0,유상
2026-03-23,BF3103,현장_010,누수,완료,2026-03-27,4,유상
2026-03-23,RB1527,○○건설,외관파손,완료,2026-03-27,4,무상
2026-03-23,WC2109,현장_006,누수,완료,2026-03-27,4,유상
2026-03-23,CW1518,현장_032,소음,완료,2026-03-25,2,무상
2026-03-23,RB1522,현장_013,소음,완료,2026-03-23,0,무상
2026-03-23,BF3101,현장_045,소음,완료,2026-03-26,3,무상
2026-03-23,RB1505,현장_014,소음,완료,2026-03-24,1,유상
2026-03-23,RB1517,현장_007,누수,완료,2026-03-26,3,무상
2026-03-23,WC2111,현장_031,누수,진행중,,5,무상
2026-03-23,RB1534,현장_030,작동불량,완료,2026-03-26,3,무상
2026-03-24,BF3119,현장_045,외관파손,완료,2026-03-28,4,유상
2026-03-24,RB1517,현장_050,설치,완료,2026-03-28,4,무상
2026-03-24,BF3120,현장_006,소음,완료,2026-03-27,3,유상
2026-03-24,CW1512,현장_010,누수,진행중,,5,유상
2026-03-24,WC2138,현장_050,외관파손,완료,2026-03-27,3,유상
2026-03-24,CW1529,현장_030,소음,진행중,,5,유상
2026-03-24,BF3129,현장_025,외관파손,완료,2026-03-25,1,유상
2026-03-24,RB1531,현장_037,외관파손,완료,2026-03-27,3,유상
2026-03-24,CW1520,현장_042,작동불량,완료,2026-03-28,4,무상
2026-03-24,BF3119,현장_034,설치,완료,2026-03-27,3,유상
2026-03-24,RB1535,현장_033,외관파손,완료,2026-03-26,2,유상
2026-03-24,BF3110,현장_044,설치,완료,2026-03-28,4,유상
2026-03-24,BF3114,현장_008,설치,완료,2026-03-24,0,무상
2026-03-24,WC2101,현장_049,외관파손,진행중,,5,무상
2026-03-24,CW1520,현장_009,누수,완료,2026-03-25,1,유상
2026-03-24,RB1537,현장_045,설치,완료,2026-03-25,1,무상
2026-03-24,CW1516,현장_026,설치,진행중,,5,유상
2026-03-24,WC2128-N,현장_007,외관파손,완료,2026-03-25,1,무상
2026-03-24,WC2126,현장_030,누수,완료,2026-03-24,0,무상
2026-03-24,WC2112,현장_032,소음,완료,2026-03-25,1,유상
2026-03-24,WC2119,현장_024,설치,완료,2026-03-28,4,무상
2026-03-24,WC2147,◇◇하우징,소음,완료,2026-03-27,3,유상
2026-03-24,WC2106,현장_025,소음,완료,2026-03-27,3,무상
2026-03-24,WC2104,현장_012,작동불량,완료,2026-03-27,3,무상
2026-03-24,WC2146,현장_029,누수,진행중,,5,유상
2026-03-24,WC2121-N,현장_045,외관파손,완료,2026-03-26,2,유상
2026-03-24,CW1523,현장_018,작동불량,완료,2026-03-25,1,무상
2026-03-24,CW1517,□□건축,설치,완료,2026-03-28,4,무상
2026-03-24,WC2145,현장_049,설치,진행중,,5,유상
2026-03-24,RB1502,○○건설,작동불량,완료,2026-03-26,2,무상
2026-03-25,BF3104,현장_033,설치,진행중,,8,무상
2026-03-25,WC2136,현장_018,누수,완료,2026-03-26,1,유상
2026-03-25,BF3116,□□건축(주),소음,완료,2026-03-29,4,무상
2026-03-25,CW1517,현장_035,외관파손,완료,2026-03-25,0,유상
2026-03-25,CW1515,현장_030,설치,완료,2026-03-26,1,무상
2026-03-25,RB1512,현장_018,설치,완료,2026-03-29,4,무상
2026-03-25,WC2132,□□건축,소음,진행중,,5,유상
2026-03-25,CW1528,현장_049,누수,완료,2026-03-25,0,유상
2026-03-25,CW1526,현장_048,설치,완료,2026-03-28,3,유상
2026-03-25,CW1525,현장_020,소음,완료,2026-03-29,4,무상
2026-03-25,CW1526,현장_046,외관파손,완료,2026-03-26,1,무상
2026-03-25,RB1521,현장_036,누수,완료,2026-03-27,2,무상
2026-03-25,BF3120,현장_017,소음,완료,2026-03-25,0,유상
2026-03-25,WC2113,현장_016,누수,완료,2026-03-28,3,유상
2026-03-25,CW1515,현장_049,누수,진행중,,5,유상
2026-03-25,WC2111,현장_023,누수,완료,2026-03-28,3,무상
2026-03-25,WC2101,현장_016,누수,진행중,,5,유상
2026-03-25,RB1533,현장_022,누수,진행중,,5,유상
2026-03-25,BF3107,현장_020,누수,완료,2026-03-25,0,유상
2026-03-25,RB1509,현장_047,소음,완료,2026-03-28,3,무상
2026-03-25,WC2132,현장_008,설치,완료,2026-03-25,0,무상
2026-03-25,WC2142-N,현장_050,외관파손,완료,2026-03-29,4,무상
2026-03-25,WC2141,현장_033,작동불량,완료,2026-03-27,2,무상
2026-03-25,WC2128-N,현장_039,작동불량,진행중,,8,유상
2026-03-25,WC2101,현장_042,작동불량,진행중,,5,유상
2026-03-26,WC2119,현장_010,소음,완료,2026-03-28,2,무상
2026-03-26,BF3116,현장_022,외관파손,완료,2026-03-28,2,유상
2026-03-26,BF3104,◇◇하우징,작동불량,완료,2026-03-27,1,무상
2026-03-26,CW1516,◇◇하우징(주),작동불량,완료,2026-03-30,4,유상
2026-03-26,RB1520,현장_021,누수,진행중,,5,무상
2026-03-26,BF3119,현장_017,설치,완료,2026-03-26,0,유상
2026-03-26,CW1508,◇◇하우징,누수,진행중,,5,무상
2026-03-26,BF3113,현장_048,작동불량,완료,2026-03-28,2,유상
2026-03-26,BF3125,현장_027,외관파손,진행중,,5,유상
2026-03-26,RB1531,현장_010,작동불량,완료,2026-03-27,1,무상
2026-03-26,BF3116,현장_008,누수,완료,2026-03-30,4,유상
2026-03-26,BF3117,△△개발 주식회사,설치,완료,2026-03-29,3,유상
2026-03-26,BF3106,현장_017,작동불량,진행중,,5,유상
2026-03-26,WC2120,현장_024,외관파손,진행중,,5,무상
2026-03-26,WC2128-N,현장_016,소음,완료,2026-03-30,4,유상
2026-03-26,WC2149-N,현장_021,외관파손,완료,2026-03-26,0,유상
2026-03-26,RB1513,현장_043,누수,완료,2026-03-26,0,무상
2026-03-26,BF3129,현장_025,누수,완료,2026-03-27,1,유상
2026-03-26,CW1506,현장_026,외관파손,완료,2026-03-26,0,유상
2026-03-26,WC2124,현장_035,설치,완료,2026-03-26,0,유상
2026-03-26,RB1532,현장_019,작동불량,진행중,,5,유상
2026-03-26,WC2134,현장_038,설치,완료,2026-03-29,3,유상
2026-03-26,RB1533,현장_020,작동불량,진행중,,5,무상
2026-03-26,RB1526,현장_013,누수,완료,2026-03-29,3,유상
2026-03-27,RB1539,현장_045,소음,완료,2026-03-27,0,유상
2026-03-27,RB1506,현장_012,설치,완료,2026-03-28,1,무상
2026-03-27,RB1529,현장_041,누수,완료,2026-03-31,4,유상
2026-03-27,CW1507,현장_020,작동불량,완료,2026-03-29,2,무상
2026-03-27,RB1538,현장_030,누수,완료,2026-03-29,2,무상
2026-03-27,RB1510,현장_042,설치,진행중,,5,무상
2026-03-27,WC2137,현장_034,작동불량,완료,2026-03-29,2,유상
2026-03-27,RB1539,현장_015,누수,완료,2026-03-27,0,유상
2026-03-27,BF3115,현장_009,소음,진행중,,5,유상
2026-03-27,WC2121-N,현장_006,누수,완료,2026-03-27,0,무상
2026-03-27,CW1512,현장_012,설치,완료,2026-03-27,0,유상
2026-03-27,WC2146,현장_010,누수,완료,2026-03-28,1,유상
2026-03-27,BF3125,△△개발,작동불량,완료,2026-03-30,3,유상
2026-03-27,WC2115,현장_038,설치,진행중,,5,유상
2026-03-27,BF3129,현장_021,누수,진행중,,5,무상
2026-03-27,BF3119,현장_025,설치,완료,2026-03-31,4,유상
2026-03-27,CW1517,현장_021,외관파손,진행중,,9,무상
2026-03-27,WC2135-N,○○建設,누수,완료,2026-03-31,4,유상
2026-03-27,WC2150,현장_006,작동불량,완료,2026-03-29,2,무상
2026-03-27,CW1527,현장_016,소음,완료,2026-03-30,3,무상
2026-03-27,WC2136,현장_042,누수,진행중,,5,무상
2026-03-27,WC2105,현장_020,소음,완료,2026-03-27,0,무상
2026-03-27,CW1513,현장_035,설치,진행중,,5,무상
2026-03-27,CW1505,현장_021,작동불량,완료,2026-03-28,1,무상
2026-03-27,BF3112,현장_023,누수,완료,2026-03-28,1,무상
2026-03-27,CW1506,현장_037,외관파손,완료,2026-03-29,2,무상
2026-03-27,WC2114-N,현장_042,설치,완료,2026-03-27,0,유상
2026-03-27,BF3123,현장_015,소음,완료,2026-03-31,4,유상
2026-03-27,BF3126,현장_013,누수,완료,2026-03-31,4,유상
2026-03-27,RB1519,현장_024,설치,완료,2026-03-29,2,유상
2026-03-28,WC2108,현장_018,외관파손,완료,2026-03-30,2,유상
2026-03-28,WC2114-N,현장_016,소음,완료,2026-03-31,3,유상
2026-03-28,RB1536,현장_049,작동불량,완료,2026-04-01,4,무상
2026-03-28,BF3121,현장_017,작동불량,완료,2026-04-01,4,무상
2026-03-28,RB1507,현장_019,외관파손,진행중,,5,무상
2026-03-28,RB1503,현장_044,누수,완료,2026-04-01,4,유상
2026-03-28,WC2111,현장_037,외관파손,완료,2026-04-01,4,무상
2026-03-28,BF3101,현장_010,누수,진행중,,8,무상
2026-03-28,BF3105,현장_036,설치,완료,2026-03-31,3,유상
2026-03-28,WC2102,☆☆파트너스,소음,진행중,,5,유상
2026-03-28,BF3106,현장_024,누수,완료,2026-03-31,3,무상
2026-03-28,WC2114-N,◇◇하우징,외관파손,완료,2026-03-30,2,무상
2026-03-28,WC2109,현장_032,외관파손,완료,2026-04-01,4,유상
2026-03-28,RB1517,현장_024,설치,완료,2026-03-28,0,유상
2026-03-28,BF3101,현장_012,외관파손,완료,2026-03-28,0,무상
2026-03-28,RB1539,현장_031,작동불량,진행중,,5,유상
2026-03-28,CW1523,현장_015,소음,완료,2026-03-29,1,무상
2026-03-28,WC2106,현장_013,설치,완료,2026-03-29,1,무상
2026-03-28,RB1528,현장_048,작동불량,완료,2026-03-30,2,유상
2026-03-28,CW1523,현장_010,설치,완료,2026-03-29,1,유상
2026-03-28,RB1516,현장_015,설치,완료,2026-03-29,1,유상
2026-03-28,RB1538,현장_044,외관파손,완료,2026-04-01,4,유상
2026-03-28,WC2127,현장_018,누수,완료,2026-03-29,1,무상
2026-03-28,RB1531,현장_040,설치,완료,2026-03-31,3,무상
2026-03-28,BF3118,현장_011,설치,완료,2026-03-28,0,무상
2026-03-28,CW1518,현장_042,설치,완료,2026-03-29,1,유상
2026-03-28,RB1535,현장_022,누수,진행중,,5,무상
2026-03-28,WC2130,◇◇하우징,소음,완료,2026-04-01,4,무상
2026-03-28,RB1527,현장_043,누수,완료,2026-03-30,2,무상
2026-03-28,RB1521,현장_020,설치,완료,2026-04-01,4,유상
2026-03-29,RB1538,현장_008,설치,진행중,,5,무상
2026-03-29,WC2147,□□건축(주),누수,완료,2026-03-29,0,유상
2026-03-29,CW1515,현장_045,소음,완료,2026-03-29,0,유상
2026-03-29,BF3103,현장_024,설치,진행중,,5,유상
2026-03-29,BF3104,현장_021,누수,완료,2026-03-31,2,유상
2026-03-29,WC2118,현장_006,누수,진행중,,5,무상
2026-03-29,BF3113,현장_036,작동불량,진행중,,5,유상
2026-03-29,BF3110,현장_035,작동불량,완료,2026-04-02,4,유상
2026-03-29,WC2133,현장_037,누수,완료,2026-04-02,4,무상
2026-03-29,BF3107,현장_009,누수,완료,2026-04-02,4,유상
2026-03-29,RB1538,현장_008,작동불량,완료,2026-03-31,2,유상
2026-03-29,RB1526,○○建設,설치,진행중,,5,유상
2026-03-29,RB1528,현장_006,외관파손,완료,2026-03-31,2,무상
2026-03-29,BF3110,현장_042,소음,완료,2026-03-31,2,유상
2026-03-29,RB1537,현장_031,외관파손,진행중,,5,유상
2026-03-29,CW1508,현장_012,작동불량,완료,2026-04-02,4,유상
2026-03-29,RB1506,현장_010,작동불량,완료,2026-03-29,0,유상
2026-03-29,WC2122,◇◇하우징(주),외관파손,완료,2026-04-01,3,유상
2026-03-29,RB1537,□□건축,설치,진행중,,5,유상
2026-03-30,CW1509,현장_049,작동불량,완료,2026-03-31,1,유상
2026-03-30,WC2110,현장_016,설치,완료,2026-03-31,1,무상
2026-03-30,CW1526,현장_034,소음,진행중,,5,무상
2026-03-30,BF3119,현장_042,누수,완료,2026-04-02,3,무상
2026-03-30,CW1504,현장_023,외관파손,완료,2026-03-30,0,유상
2026-03-30,BF3106,현장_018,외관파손,진행중,,5,무상
2026-03-30,RB1504,◇◇하우징,설치,진행중,,5,유상
2026-03-30,RB1517,현장_024,작동불량,완료,2026-03-31,1,유상
2026-03-30,RB1517,현장_036,설치,진행중,,5,유상
2026-03-30,RB1507,현장_021,외관파손,진행중,,5,무상
2026-03-30,WC2139,현장_037,외관파손,완료,2026-04-02,3,무상
2026-03-30,WC2139,현장_009,소음,완료,2026-03-30,0,무상
2026-03-30,RB1532,□□건축(주),작동불량,완료,2026-03-31,1,유상
2026-03-30,BF3118,현장_039,누수,완료,2026-04-03,4,유상
2026-03-30,RB1532,△△개발 주식회사,설치,완료,2026-03-30,0,무상
2026-03-30,CW1507,현장_042,누수,완료,2026-04-03,4,유상
2026-03-30,WC2113,현장_019,작동불량,완료,2026-04-01,2,무상
2026-03-30,RB1502,현장_045,설치,완료,2026-04-01,2,무상
2026-03-30,BF3120,현장_040,설치,완료,2026-03-30,0,유상
2026-03-31,WC2135-N,현장_039,외관파손,완료,2026-04-01,1,유상
2026-03-31,WC2114-N,현장_050,외관파손,완료,2026-03-31,0,무상
2026-03-31,WC2133,현장_045,누수,완료,2026-04-04,4,유상
2026-03-31,CW1521,현장_042,소음,진행중,,5,무상
2026-03-31,RB1506,현장_049,외관파손,진행중,,5,유상
2026-03-31,RB1512,현장_017,외관파손,완료,2026-04-04,4,유상
2026-03-31,CW1518,현장_016,소음,완료,2026-04-03,3,유상
2026-03-31,CW1517,현장_012,외관파손,완료,2026-04-04,4,유상
2026-03-31,WC2129,현장_023,설치,완료,2026-03-31,0,유상
2026-03-31,RB1535,현장_046,외관파손,진행중,,5,유상
2026-03-31,BF3126,현장_008,설치,진행중,,5,유상
2026-03-31,WC2103,현장_040,설치,완료,2026-04-02,2,유상
2026-03-31,WC2140,현장_029,누수,완료,2026-04-04,4,무상
2026-03-31,RB1516,현장_013,작동불량,완료,2026-03-31,0,무상
2026-03-31,CW1526,◇◇하우징(주),외관파손,완료,2026-04-01,1,유상
2026-03-31,BF3120,현장_006,누수,완료,2026-04-02,2,무상
2026-03-31,WC2140,△△개발 주식회사,작동불량,완료,2026-04-03,3,무상
2026-03-31,WC2115,현장_014,누수,완료,2026-04-04,4,무상
2026-03-31,WC2110,현장_047,외관파손,완료,2026-04-02,2,무상
2026-03-31,BF3112,현장_024,설치,완료,2026-03-31,0,무상
2026-03-31,WC2148,△△개발(주),작동불량,완료,2026-04-02,2,무상
2026-03-31,WC2104,현장_049,작동불량,완료,2026-04-04,4,무상
2026-03-31,BF3126,현장_017,작동불량,완료,2026-04-03,3,유상
2026-03-31,WC2110,현장_012,누수,완료,2026-04-02,2,유상
2026-03-31,CW1509,현장_017,소음,완료,2026-04-02,2,무상
2026-03-31,CW1526,현장_007,작동불량,진행중,,5,유상